Date,Open,High,Low,Close,Volume,Dividends,Stock Splits
2022-05-23 00:00:00-04:00,162.53591686393403,168.93786664305344,161.58709604612818,168.76808166503906,63988900,0.0,0.0
2022-05-24 00:00:00-04:00,164.89298165903426,165.76188586011529,157.60213232635962,161.33743286132812,58855000,0.0,0.0
2022-05-25 00:00:00-04:00,159.99906898398137,170.89538897026264,159.7993228783137,169.53709411621094,78113200,0.0,0.0
2022-05-26 00:00:00-04:00,160.15891374885626,180.69312965762668,160.0190899144446,178.28614807128906,99657500,0.0,0.0
2022-05-27 00:00:00-04:00,181.6319523466798,188.57323415838152,180.77303015734051,187.87411499023438,73837900,0.0,0.0
2022-05-31 00:00:00-04:00,189.56197911340226,191.75921709468147,183.26987675455234,186.48583984375,66410000,0.0,0.0
2022-06-01 00:00:00-04:00,187.00520291643554,190.29107048755907,180.9927478453932,182.9702606201172,54451400,0.0,0.0
2022-06-02 00:00:00-04:00,182.69061827918225,195.9439820959924,181.75179459164954,195.67431640625,64865600,0.0,0.0
2022-06-03 00:00:00-04:00,190.5807267669505,193.07759186824907,184.98774284417968,186.9652557373047,59877900,0.0,0.0
2022-06-06 00:00:00-04:00,191.14999225161384,193.12750502231398,185.40720287415473,187.62442016601562,42240600,0.0,0.0
2022-06-07 00:00:00-04:00,184.4883741360546,189.76175213408192,181.65193897219933,189.02267456054688,38891400,0.0,0.0
2022-06-08 00:00:00-04:00,187.79395749180034,191.5999817412567,185.1567112623669,186.2855224609375,36325200,0.04,0.0
2022-06-09 00:00:00-04:00,184.61728039161122,189.1325712696149,180.22187474451636,180.2917938232422,39557400,0.0,0.0
2022-06-10 00:00:00-04:00,175.81648605399403,176.78547586133556,168.51411057777113,169.56301879882812,46524800,0.0,0.0
2022-06-13 00:00:00-04:00,159.83314118851015,162.94988256396573,155.89724764788292,156.30682373046875,60415300,0.0,0.0
2022-06-14 00:00:00-04:00,157.14593152361414,160.49244374735676,153.9592560865958,158.19483947753906,46968000,0.0,0.0
2022-06-15 00:00:00-04:00,160.7821539460517,168.5040886253495,159.0939138848185,165.09765625,56393600,0.0,0.0
2022-06-16 00:00:00-04:00,158.43463150956467,159.25376855702686,153.8494059864967,155.84732055664062,54574900,0.0,0.0
2022-06-17 00:00:00-04:00,156.31681149566862,159.78319404625893,153.12015164519127,158.6343994140625,63033400,0.0,0.0
2022-06-21 00:00:00-04:00,164.57818899565558,169.9026323868453,163.89890545629055,165.48724365234375,48308900,0.0,0.0
2022-06-22 00:00:00-04:00,162.0907834031218,166.4462372333646,161.6312716452238,163.4293975830078,43713500,0.0,0.0
2022-06-23 00:00:00-04:00,165.01773170628033,165.67704707421706,158.36467352337584,162.08079528808594,46368000,0.0,0.0
2022-06-24 00:00:00-04:00,164.82792431547722,171.22124376753322,162.92991189020694,171.08139038085938,47215300,0.0,0.0
2022-06-27 00:00:00-04:00,172.9394567147077,173.1192769277793,166.08661006453482,168.5140838623047,42796800,0.0,0.0
2022-06-28 00:00:00-04:00,168.82375469306558,171.84060948872212,159.28371106863963,159.65333557128906,46114900,0.0,0.0
2022-06-29 00:00:00-04:00,157.9750684686559,158.0350034532479,151.54178257927921,155.25790405273438,48235200,0.0,0.0
2022-06-30 00:00:00-04:00,153.4497975930265,155.50764673795408,148.46499627884359,151.43190002441406,68607000,0.0,0.0
2022-07-01 00:00:00-04:00,148.83462548074678,150.47291453335157,143.7699056105313,145.0785369873047,57761000,0.0,0.0
2022-07-05 00:00:00-04:00,141.60216197280113,149.55386680526397,140.4034165602307,149.4839324951172,65139700,0.0,0.0
2022-07-06 00:00:00-04:00,149.94346644552866,153.03024021879406,147.73576455298772,151.1422119140625,52906600,0.0,0.0
2022-07-07 00:00:00-04:00,154.39882992605263,159.2837302626653,153.72953039854366,158.41464233398438,49290300,0.0,0.0
2022-07-08 00:00:00-04:00,154.1390817426124,160.20274334109232,153.72950567820072,158.21482849121094,46797200,0.0,0.0
2022-07-11 00:00:00-04:00,155.09807405625122,155.10807338270442,150.2231737671932,151.3619842529297,43732100,0.0,0.0
2022-07-12 00:00:00-04:00,152.52078077828594,154.14908592188723,148.6148696391963,150.66273498535156,45848300,0.0,0.0
2022-07-13 00:00:00-04:00,145.74783793476024,153.58965743595792,144.4991415328419,151.4818572998047,52191800,0.0,0.0
2022-07-14 00:00:00-04:00,150.92244614975283,154.56863360416585,147.12640597900185,153.5596923828125,45623500,0.0,0.0
2022-07-15 00:00:00-04:00,156.4266875958542,157.6554157955959,154.28892002571183,157.4556121826172,38593500,0.0,0.0
2022-07-18 00:00:00-04:00,162.8499849891058,168.79377647672604,159.8531137943855,160.84207153320312,67051700,0.0,0.0
2022-07-19 00:00:00-04:00,164.68807708900806,170.92157522008543,161.55135223381362,169.7427978515625,70236600,0.0,0.0
2022-07-20 00:00:00-04:00,169.29328475526006,179.14300375562414,167.83480047736467,177.8843231201172,76053800,0.0,0.0
2022-07-21 00:00:00-04:00,178.66347924015972,181.25077441016373,175.26701603412573,180.31175231933594,55704900,0.0,0.0
2022-07-22 00:00:00-04:00,178.74340397028843,179.48263778361857,171.19128999866012,173.0093994140625,53667100,0.0,0.0
2022-07-25 00:00:00-04:00,170.01251857670522,171.06142662524957,166.31638019681802,170.06246948242188,48074800,0.0,0.0
2022-07-26 00:00:00-04:00,168.713862316098,169.01355249166548,164.6081480665873,165.15757751464844,39786500,0.0,0.0
2022-07-27 00:00:00-04:00,170.142395472398,179.17296173951397,168.9536339805467,177.7144775390625,56977600,0.0,0.0
2022-07-28 00:00:00-04:00,179.56253282497852,181.2108058886697,174.2181064184341,179.65243530273438,47464600,0.0,0.0
2022-07-29 00:00:00-04:00,177.94423243840419,182.24973508451882,176.7354876450379,181.44058227539062,43546000,0.0,0.0
2022-08-01 00:00:00-04:00,181.6303866622653,188.26346117550347,179.71237562262058,184.21768188476562,47646900,0.0,0.0
2022-08-02 00:00:00-04:00,181.03102264985066,189.18251695416384,180.7313324451715,185.06680297851562,48952700,0.0,0.0
2022-08-03 00:00:00-04:00,181.6503538139698,189.48217375105204,181.18084276165388,188.7329559326172,41814600,0.0,0.0
2022-08-04 00:00:00-04:00,188.2934437949941,192.53901179757844,187.40437251710915,191.94961547851562,40965200,0.0,0.0
2022-08-05 00:00:00-04:00,187.90385936527923,192.0894773172082,186.46535852819392,189.69198608398438,38606800,0.0,0.0
2022-08-08 00:00:00-04:00,174.8374619390777,182.19977030004952,172.2401675894723,177.74441528320312,98185900,0.0,0.0
2022-08-09 00:00:00-04:00,172.34011170824178,174.2880753273479,167.06561856594908,170.6818389892578,66826300,0.0,0.0
2022-08-10 00:00:00-04:00,176.79542099411435,180.99103771105456,172.9893969313998,180.78126525878906,59742200,0.0,0.0
2022-08-11 00:00:00-04:00,181.12090793305993,186.87491053910014,178.57356429958384,179.23287963867188,50932700,0.0,0.0
2022-08-12 00:00:00-04:00,181.41063223030494,186.9847999499597,179.34278352553216,186.8948974609375,47809400,0.0,0.0
2022-08-15 00:00:00-04:00,186.81497521218526,191.4401517953721,185.9359032661513,190.1215362548828,45766600,0.0,0.0
2022-08-16 00:00:00-04:00,189.00268521085346,191.2203712502409,184.8170524136053,188.59310913085938,45124000,0.0,0.0
2022-08-17 00:00:00-04:00,185.03684269620692,186.68513126476427,181.2607856015156,183.1588134765625,44679900,0.0,0.0
2022-08-18 00:00:00-04:00,182.81914639681312,188.45326423214019,181.64038425148797,187.5342254638672,41544700,0.0,0.0
2022-08-19 00:00:00-04:00,183.8680468102072,185.00685732808066,177.51467885710377,178.30386352539062,44158800,0.0,0.0
2022-08-22 00:00:00-04:00,174.71759558018772,175.39689435348495,169.48306998520388,170.162353515625,40959300,0.0,0.0
2022-08-23 00:00:00-04:00,169.71281783280673,174.46784804957082,169.523013548611,171.6308135986328,36998600,0.0,0.0
2022-08-24 00:00:00-04:00,169.942558970947,173.87845196684745,168.7737811169098,172.04037475585938,52266100,0.0,0.0
2022-08-25 00:00:00-04:00,168.26432326304746,179.2828179987991,168.15443738088734,178.94317626953125,77069100,0.0,0.0
2022-08-26 00:00:00-04:00,178.3837649837457,179.05306436777764,162.200648829049,162.430419921875,76912700,0.0,0.0
2022-08-29 00:00:00-04:00,160.0329489260717,163.2096409177826,157.5055882947163,157.84523010253906,49613200,0.0,0.0
2022-08-30 00:00:00-04:00,159.43357484279312,160.22274432207413,151.66168906447206,154.51869201660156,53018100,0.0,0.0
2022-08-31 00:00:00-04:00,153.6795623750433,155.23793307068647,149.43399454065909,150.7825927734375,57371000,0.0,0.0
2022-09-01 00:00:00-04:00,141.94180430189985,143.65002757299825,132.56159816415774,139.22463989257812,117886500,0.0,0.0
2022-09-02 00:00:00-04:00,140.8529571324971,141.56222341073908,135.76826893401855,136.3276824951172,74315700,0.0,0.0
2022-09-06 00:00:00-04:00,137.1667968019287,137.64629194136347,133.37075677778734,134.5095672607422,53575100,0.0,0.0
2022-09-07 00:00:00-04:00,135.52882119924251,138.27676962422373,133.36044190812785,137.03768920898438,51265700,0.04,0.0
2022-09-08 00:00:00-04:00,134.4895729784671,139.9754821434502,133.59025060596673,139.7956085205078,62487300,0.0,0.0
2022-09-09 00:00:00-04:00,141.4643928456968,144.63202612316647,141.15461130499938,143.76266479492188,48661200,0.0,0.0
2022-09-12 00:00:00-04:00,143.58280174511796,145.36147254678735,141.87407079092276,144.94178771972656,48415900,0.0,0.0
2022-09-13 00:00:00-04:00,137.91706904574622,139.1161710370684,130.89231323482895,131.21206665039062,71495600,0.0,0.0
2022-09-14 00:00:00-04:00,132.4411224601392,132.80085452092456,129.0336778050243,131.18206787109375,58850700,0.0,0.0
2022-09-15 00:00:00-04:00,130.05287080666176,132.23125193280814,127.80455746964336,129.19351196289062,52362500,0.0,0.0
2022-09-16 00:00:00-04:00,127.32493523387423,132.02142570345416,126.07586780859206,131.88153076171875,67075100,0.0,0.0
2022-09-19 00:00:00-04:00,130.02293214223957,134.52957766730722,130.002958039367,133.72018432617188,56968500,0.0,0.0
2022-09-20 00:00:00-04:00,132.0514058254762,134.72941438944676,130.47259797311654,131.6616973876953,52481800,0.0,0.0
2022-09-21 00:00:00-04:00,132.0314402144567,140.20533088285546,131.00220978061003,132.51107788085938,80767900,0.0,0.0
2022-09-22 00:00:00-04:00,130.60248768269668,131.391906838523,124.18727917955758,125.51628875732422,75916200,0.0,0.0
2022-09-23 00:00:00-04:00,124.10733700571686,126.01591570136969,122.47855581876853,125.0666275024414,66330900,0.0,0.0
2022-09-26 00:00:00-04:00,124.81682472000067,126.4955641739767,122.04888678378325,122.18878173828125,54734300,0.0,0.0
2022-09-27 00:00:00-04:00,124.97669282725063,127.2649853169949,122.48855259441977,124.03739166259766,55385400,0.0,0.0
2022-09-28 00:00:00-04:00,124.00741410773064,128.13433019125657,123.4478343333414,127.26498413085938,54241400,0.0,0.0
2022-09-29 00:00:00-04:00,124.38713879141939,124.90674750661766,119.37087954228002,122.10883331298828,53276300,0.0,0.0
2022-09-30 00:00:00-04:00,120.77982976801322,126.235755514443,120.65991654740827,121.2994384765625,56563800,0.0,0.0
2022-10-03 00:00:00-04:00,123.37788656045872,126.68541469897062,120.9596938285177,125.02665710449219,54747800,0.0,0.0
2022-10-04 00:00:00-04:00,128.69392083535908,132.10138076405713,128.69392083535908,131.57177734375,58418200,0.0,0.0
2022-10-05 00:00:00-04:00,129.01366756073742,133.11061452019356,126.11582981759845,131.99143981933594,50713100,0.0,0.0
2022-10-06 00:00:00-04:00,132.10139477410144,136.45814345140187,130.93226925542737,131.2020721435547,64415700,0.0,0.0
2022-10-07 00:00:00-04:00,124.95670688701709,126.60546977111737,120.13030857963719,120.66990661621094,67247800,0.0,0.0
2022-10-10 00:00:00-04:00,120.28021374469525,121.14955989626478,113.99490480300844,116.61294555664062,69869900,0.0,0.0
2022-10-11 00:00:00-04:00,115.52375370369933,118.37162603344659,112.74582884788612,115.77356719970703,66748200,0.0,0.0
2022-10-12 00:00:00-04:00,115.70361901588142,117.26245278182046,113.36536074327002,114.9142074584961,49259000,0.0,0.0
2022-10-13 00:00:00-04:00,109.62815859831859,120.68990039355015,108.04933540293118,119.51078033447266,85010300,0.0,0.0
2022-10-14 00:00:00-04:00,120.48005224593156,121.01965031079229,111.95641700342823,112.18624114990234,71343200,0.0,0.0
2022-10-17 00:00:00-04:00,115.09407640854539,119.39087167234739,115.08408173387524,118.79131317138672,58077400,0.0,0.0
2022-10-18 00:00:00-04:00,123.34791067467705,124.82680225916197,116.09332482498223,119.58071899414062,65936200,0.0,0.0
2022-10-19 00:00:00-04:00,118.70138683349317,123.40787238785357,118.25171794692685,120.42010498046875,52313100,0.0,0.0
2022-10-20 00:00:00-04:00,121.03962865448551,127.59473977418955,120.95969413221188,121.84902954101562,65239800,0.0,0.0
2022-10-21 00:00:00-04:00,120.88974649366604,124.88676230253483,118.78132004459152,124.56700134277344,60949400,0.0,0.0
2022-10-24 00:00:00-04:00,124.98670173651202,127.00519161690642,120.5500111966207,125.8960189819336,51745700,0.0,0.0
2022-10-25 00:00:00-04:00,126.84530934536936,132.90078634370028,126.54553008609024,132.51107788085938,50548200,0.0,0.0
2022-10-26 00:00:00-04:00,128.59399720478876,133.78012780375985,126.98519768610414,128.86380004882812,53295300,0.0,0.0
2022-10-27 00:00:00-04:00,136.1983189427914,138.27676902675802,131.1221069536162,131.6616973876953,58311300,0.0,0.0
2022-10-28 00:00:00-04:00,130.94222910418466,138.39667017785743,130.51255723032912,138.23678588867188,52104000,0.0,0.0
2022-10-31 00:00:00-04:00,137.67720966533037,138.27676814149586,132.8708005476686,134.8693084716797,48634100,0.0,0.0
2022-11-01 00:00:00-04:00,138.00697292820027,139.14612189793522,135.08915302760556,135.32896423339844,43281700,0.0,0.0
2022-11-02 00:00:00-04:00,138.39669099330916,141.99401180401154,132.01145798986795,132.09140014648438,67262800,0.0,0.0
2022-11-03 00:00:00-04:00,130.33268460391085,137.70718359018215,129.4633385517555,134.10987854003906,50006500,0.0,0.0
2022-11-04 00:00:00-04:00,139.7556627568454,142.18384261825,136.86781935412415,141.4543914794922,61257600,0.0,0.0
2022-11-07 00:00:00-05:00,142.17383874248804,144.01246219535872,139.43587766235817,142.90328979492188,41006100,0.0,0.0
2022-11-08 00:00:00-05:00,147.8995619908424,148.79889963554814,142.0539359135741,145.9110565185547,59529200,0.0,0.0
2022-11-09 00:00:00-05:00,141.51436332707658,142.0040033340156,137.4873704508999,137.65724182128906,45441400,0.0,0.0
2022-11-10 00:00:00-05:00,147.88957984561011,157.61231619726777,145.36146865317687,157.3824920654297,70081900,0.0,0.0
2022-11-11 00:00:00-05:00,157.95207597479873,163.7677259165738,154.70450070351296,163.148193359375,65548700,0.0,0.0
2022-11-14 00:00:00-05:00,162.05900035521316,165.27659933496474,159.1012171641083,162.82843017578125,52785200,0.0,0.0
2022-11-15 00:00:00-05:00,167.09523953834088,169.8531748324303,163.69778235370586,166.53565979003906,54587600,0.0,0.0
2022-11-16 00:00:00-05:00,161.49941693454886,163.49792481493145,158.61157365729218,158.98130798339844,64954700,0.0,0.0
2022-11-17 00:00:00-05:00,157.03273649042293,162.5386349644311,155.2340917576371,156.6530303955078,71089400,0.0,0.0
2022-11-18 00:00:00-05:00,159.54090422007795,159.90063628557894,151.08720830450773,153.9750518798828,49207200,0.0,0.0
2022-11-21 00:00:00-05:00,151.35698134929623,154.65452209223022,150.68748310182903,153.0557098388672,40473900,0.0,0.0
2022-11-22 00:00:00-05:00,153.16563666569232,160.46019318962544,151.10717607002064,160.26034545898438,47286600,0.0,0.0
2022-11-23 00:00:00-05:00,160.8599063671893,165.14671461147924,160.360279361858,165.0667724609375,42724100,0.0,0.0
2022-11-25 00:00:00-05:00,163.0582509040402,164.74699250526567,161.5993486875602,162.57861328125,16793400,0.0,0.0
2022-11-28 00:00:00-05:00,160.14045287619047,163.4479966785776,157.13270359376432,158.15194702148438,30374100,0.0,0.0
2022-11-29 00:00:00-05:00,158.1519330664695,159.20115280412313,155.08421600229616,156.27333068847656,29838400,0.0,0.0
2022-11-30 00:00:00-05:00,156.8930352784115,169.2169914306613,155.8935256010317,169.1470184326172,56529800,0.04,0.0
2022-12-01 00:00:00-05:00,169.90662714927592,172.5653108557278,166.2684131417738,171.26596069335938,47097700,0.0,0.0
2022-12-02 00:00:00-05:00,166.5082968816015,169.24695861485233,164.36934699546728,168.67723083496094,37138900,0.0,0.0
2022-12-05 00:00:00-05:00,166.70820351713107,169.8666575900566,164.63922652562476,166.0185546875,35225500,0.0,0.0
2022-12-06 00:00:00-05:00,165.2189405376148,165.64872234656772,158.11242664543863,159.79159545898438,35269400,0.0,0.0
2022-12-07 00:00:00-05:00,157.6426520958804,161.78062114488037,156.593163987164,161.12094116210938,37238800,0.0,0.0
2022-12-08 00:00:00-05:00,162.6501917804973,171.70574625186467,159.51173226887738,171.60580444335938,51545600,0.0,0.0
2022-12-09 00:00:00-05:00,171.51586772939268,175.74378941875923,169.66676871503867,169.9266357421875,46533800,0.0,0.0
2022-12-12 00:00:00-05:00,170.28645380059245,175.29400689647528,167.8876367466019,175.26402282714844,45732800,0.0,0.0
2022-12-13 00:00:00-05:00,185.2191392757088,187.80786572733837,177.02316282097584,180.6313934326172,65658900,0.0,0.0
2022-12-14 00:00:00-05:00,179.78179030820291,182.43049994961802,174.11457259802788,176.65333557128906,49688800,0.0,0.0
2022-12-15 00:00:00-05:00,171.3759254850687,173.11506245622618,166.91810588674022,169.43687438964844,47854200,0.0,0.0
2022-12-16 00:00:00-05:00,168.55729413778826,170.3264303561121,164.01952737732867,165.6287384033203,47823200,0.0,0.0
2022-12-19 00:00:00-05:00,165.63872978572473,166.00854345206812,161.3708195838167,162.4602813720703,35403900,0.0,0.0
2022-12-20 00:00:00-05:00,160.56121444675298,163.0200146647959,158.44225906870193,160.7711181640625,40326000,0.0,0.0
2022-12-21 00:00:00-05:00,161.06099469468654,166.1884844076315,160.94105840943195,164.92909240722656,32502500,0.0,0.0
2022-12-22 00:00:00-05:00,160.86107392374146,161.30086057827094,148.7470227187833,153.3147735595703,56504500,0.0,0.0
2022-12-23 00:00:00-05:00,151.88548604688665,153.314777459156,148.75701610775153,151.9854278564453,34932600,0.0,0.0
2022-12-27 00:00:00-05:00,150.66608793460824,150.9259549493486,140.49107191529055,141.14076232910156,46490200,0.0,0.0
2022-12-28 00:00:00-05:00,139.2017215483574,142.55006992526188,138.7719244424814,140.2911834716797,35106600,0.0,0.0
2022-12-29 00:00:00-05:00,143.9493804269482,146.75800003228835,142.20023858363464,145.95838928222656,35492300,0.0,0.0
2022-12-30 00:00:00-05:00,143.26969899376996,146.21824919333122,142.26019981226693,146.06832885742188,31049000,0.0,0.0
2023-01-03 00:00:00-05:00,148.43716008940982,149.8864611605023,140.8908750705493,143.0797882080078,40127700,0.0,0.0
2023-01-04 00:00:00-05:00,145.59856401028964,148.4571621236279,142.34016815086048,147.4176788330078,43132400,0.0,0.0
2023-01-05 00:00:00-05:00,144.83893371055555,145.56857141753233,141.41060799592574,142.5800323486328,38916800,0.0,0.0
2023-01-06 00:00:00-05:00,144.6690177449445,150.0263895425329,140.27116657454206,148.51712036132812,40504400,0.0,0.0
2023-01-09 00:00:00-05:00,152.7650534546972,160.4812692843797,151.33576195515673,156.203369140625,50423100,0.0,0.0
2023-01-10 00:00:00-05:00,154.99397542305346,159.541732325419,154.6441409299603,159.01199340820312,38410100,0.0,0.0
2023-01-11 00:00:00-05:00,158.32230755957994,160.20139040515548,155.55367707057997,159.9315185546875,35328500,0.0,0.0
2023-01-12 00:00:00-05:00,160.92106711898705,166.28842950831353,154.84404610818757,165.029052734375,55140900,0.0,0.0
2023-01-13 00:00:00-05:00,162.70017360178375,169.13701795041493,161.5707228585525,168.90713500976562,44728700,0.0,0.0
2023-01-17 00:00:00-05:00,168.9071360012122,177.19306403194778,168.9071360012122,176.93319702148438,51110200,0.0,0.0
2023-01-18 00:00:00-05:00,176.58335561616641,178.64234291014793,172.73525288508915,173.68478393554688,43962400,0.0,0.0
2023-01-19 00:00:00-05:00,170.27644178157044,171.88565271262607,167.22793470704832,167.56776428222656,45293200,0.0,0.0
2023-01-20 00:00:00-05:00,170.02656775629427,178.47242028410474,168.16747940953044,178.30250549316406,56496700,0.0,0.0
2023-01-23 00:00:00-05:00,180.55140506211842,192.35561044403275,178.09260485091548,191.8358612060547,65516300,0.0,0.0
2023-01-24 00:00:00-05:00,188.1776699535736,194.85438652291256,188.1076969634413,192.55551147460938,49620400,0.0,0.0
2023-01-25 00:00:00-05:00,189.03725837650336,193.60500938664313,185.70888952820056,193.13523864746094,44953700,0.0,0.0
2023-01-26 00:00:00-05:00,196.9133525095181,201.56108063243357,192.68543177942664,197.92286682128906,48953500,0.0,0.0
2023-01-27 00:00:00-05:00,194.52455460173772,206.1788402657607,193.954842057107,203.5501251220703,54214200,0.0,0.0
2023-01-30 00:00:00-05:00,199.4021564168457,201.30121847267444,191.4060799690524,191.52601623535156,48861100,0.0,0.0
2023-01-31 00:00:00-05:00,191.60600176019747,196.773464952837,189.40708352416257,195.27420043945312,49801700,0.0,0.0
2023-02-01 00:00:00-05:00,196.81343670145438,211.81607013205237,196.01382598051669,209.32728576660156,66047700,0.0,0.0
2023-02-02 00:00:00-05:00,209.89703111151098,219.38238338887797,206.89850209563224,216.98355102539062,56427600,0.0,0.0
2023-02-03 00:00:00-05:00,209.89702052979675,217.34336416023538,207.7880546182308,210.8965301513672,42936600,0.0,0.0
2023-02-06 00:00:00-05:00,207.95796136775795,215.5942139706869,207.75806250144893,210.7865753173828,45219700,0.0,0.0
2023-02-07 00:00:00-05:00,213.71515217108325,222.48084047149385,211.39628255481944,221.6212615966797,66415000,0.0,0.0
2023-02-08 00:00:00-05:00,223.7602159284468,228.66781187076123,219.97208114232453,221.9411163330078,55965100,0.0,0.0
2023-02-09 00:00:00-05:00,225.94915095075743,230.08712032672037,221.09153340060033,223.26046752929688,52387600,0.0,0.0
2023-02-10 00:00:00-05:00,216.79361566806233,220.6717176091629,208.00793341899697,212.5457000732422,55073700,0.0,0.0
2023-02-13 00:00:00-05:00,215.2743736856493,220.37186328547736,209.51718886529972,217.7731475830078,47491900,0.0,0.0
2023-02-14 00:00:00-05:00,215.6741891039064,230.37698263284364,213.55523354551235,229.5973663330078,67547400,0.0,0.0
2023-02-15 00:00:00-05:00,225.37944165126703,228.43793881038394,220.9516058692753,227.52838134765625,42057500,0.0,0.0
2023-02-16 00:00:00-05:00,221.22146452813283,225.3894177851787,219.16247716507146,219.912109375,41202600,0.0,0.0
2023-02-17 00:00:00-05:00,216.20393238176217,217.29339425219575,209.64715144426276,213.77513122558594,46588800,0.0,0.0
2023-02-21 00:00:00-05:00,209.89700483752733,214.83458443915228,206.07887104795145,206.44869995117188,41001500,0.0,0.0
2023-02-22 00:00:00-05:00,206.96846167891417,210.9365007882079,204.10986359233368,207.43821716308594,51318400,0.0,0.0
2023-02-23 00:00:00-05:00,234.28504925546778,238.76286334218847,230.1370904254129,236.52395629882812,111799500,0.0,0.0
2023-02-24 00:00:00-05:00,232.13610237280525,234.6248867433972,229.35746693156895,232.7458038330078,58971600,0.0,0.0
2023-02-27 00:00:00-05:00,236.5839339005064,238.68291029083326,234.42498937067998,234.89476013183594,45299400,0.0,0.0
2023-02-28 00:00:00-05:00,233.60539040926318,238.13316778331784,231.946200774048,232.04615783691406,45596300,0.0,0.0
2023-03-01 00:00:00-05:00,231.8062626847011,232.44594821335838,224.96962073755668,226.86868286132812,46002600,0.0,0.0
2023-03-02 00:00:00-05:00,224.76972155741572,233.68534527314492,224.20999862703096,233.02566528320312,38941500,0.0,0.0
2023-03-03 00:00:00-05:00,233.08563525447386,238.8827939744069,231.18657311837967,238.7828369140625,41239300,0.0,0.0
2023-03-06 00:00:00-05:00,238.79284197266313,242.36108331064196,234.75481465171364,235.4244842529297,43742900,0.0,0.0
2023-03-07 00:00:00-05:00,235.92432301246544,241.17263952015801,232.3354778614736,232.80532836914062,51515400,0.04,0.0
2023-03-08 00:00:00-05:00,234.7946903360966,241.92240917357324,234.16490270139371,241.7324676513672,51357300,0.0,0.0
2023-03-09 00:00:00-05:00,241.67249653737608,244.46159536998096,233.75503746783951,234.2848663330078,50125700,0.0,0.0
2023-03-10 00:00:00-05:00,234.0149492570781,236.19425830133184,227.187137061238,229.5763702392578,47486600,0.0,0.0
2023-03-13 00:00:00-04:00,227.4470515326746,232.90529227867933,222.89850740840635,229.58636474609375,42189000,0.0,0.0
2023-03-14 00:00:00-04:00,234.8846612364527,242.11233849504288,234.52477606880237,240.55284118652344,47491000,0.0,0.0
2023-03-15 00:00:00-04:00,237.533800497069,242.78211685330945,233.52509197160967,242.20230102539062,52448600,0.0,0.0
2023-03-16 00:00:00-04:00,240.19297915123323,255.79797554895737,238.86340368864091,255.328125,58325300,0.0,0.0
2023-03-17 00:00:00-04:00,259.7367250421623,263.90537131278694,256.59771688890703,257.16754150390625,84854700,0.0,0.0
2023-03-20 00:00:00-04:00,256.06786931060526,260.1565543493997,251.21943342781168,258.9169616699219,43274700,0.0,0.0
2023-03-21 00:00:00-04:00,261.7160338303318,263.8353796157421,253.7286058242719,261.9059753417969,54740800,0.0,0.0
2023-03-22 00:00:00-04:00,264.1652989599718,275.80158259101415,262.2858966821501,264.59515380859375,79729500,0.0,0.0
2023-03-23 00:00:00-04:00,271.06304887508725,274.9018139071646,266.81441164974797,271.82281494140625,56488900,0.0,0.0
2023-03-24 00:00:00-04:00,270.22331296894686,271.5828927002509,263.46547104275743,267.7041320800781,45492000,0.0,0.0
2023-03-27 00:00:00-04:00,268.2839307901689,269.91341294214027,263.56544323990573,265.22491455078125,36102600,0.0,0.0
2023-03-28 00:00:00-04:00,264.3851962988121,265.0449883242188,258.4171094180526,264.01531982421875,35610400,0.0,0.0
2023-03-29 00:00:00-04:00,268.1639924579148,270.6931800574298,265.88472470225616,269.75347900390625,39369400,0.0,0.0
2023-03-30 00:00:00-04:00,272.20270324123067,274.90181922605285,270.9330909208125,273.7421875,36451600,0.0,0.0
2023-03-31 00:00:00-04:00,271.3129559427999,278.250732726046,270.96306208621024,277.680908203125,43393300,0.0,0.0
2023-04-03 00:00:00-04:00,275.0017676878112,279.91019658166016,273.27231156184143,279.560302734375,39871600,0.0,0.0
2023-04-04 00:00:00-04:00,279.57031522970163,279.9102025289805,272.98243233825804,274.44195556640625,36859200,0.0,0.0
2023-04-05 00:00:00-04:00,268.2040240735543,269.89348488477714,263.86541866443093,268.7238464355469,51501500,0.0,0.0
2023-04-06 00:00:00-04:00,265.7547185418483,270.71311890023105,264.1852148542765,270.28326416015625,39765400,0.0,0.0
2023-04-10 00:00:00-04:00,268.14402505503995,276.12144739821053,266.604510187423,275.70159912109375,39527900,0.0,0.0
2023-04-11 00:00:00-04:00,277.1510827351181,277.8108747420653,271.17301997350927,271.6028747558594,31437800,0.0,0.0
2023-04-12 00:00:00-04:00,273.6122769517062,274.5919432851518,264.39523122652776,264.8650817871094,44625900,0.0,0.0
2023-04-13 00:00:00-04:00,267.25428866293043,268.7837969333627,263.20559927290213,264.545166015625,35361500,0.0,0.0
2023-04-14 00:00:00-04:00,264.95503793807734,268.7438009159096,262.11595208994106,267.49420166015625,39566000,0.0,0.0
2023-04-17 00:00:00-04:00,265.56478668529877,269.9733758391379,264.24520275330826,269.9333801269531,32147100,0.0,0.0
2023-04-18 00:00:00-04:00,275.2417016540101,281.0098710209936,273.48228674559795,276.581298828125,60481200,0.0,0.0
2023-04-19 00:00:00-04:00,273.5222441389002,279.91020963831465,272.23267978153376,279.2204284667969,35866000,0.0,0.0
2023-04-20 00:00:00-04:00,276.621259206209,280.21010434443815,269.91341943574685,270.9530944824219,42771300,0.0,0.0
2023-04-21 00:00:00-04:00,269.43354951681084,271.74280622116424,267.13429936778584,271.10302734375,34510300,0.0,0.0
2023-04-24 00:00:00-04:00,270.04336693930617,273.57223355324084,266.62445040167944,270.3332824707031,33928200,0.0,0.0
2023-04-25 00:00:00-04:00,270.69317813072837,272.3826387037961,262.16591433935395,262.32586669921875,37852700,0.0,0.0
2023-04-26 00:00:00-04:00,269.9334463205468,273.2123938446057,266.96439699938696,269.4736022949219,40633700,0.0,0.0
2023-04-27 00:00:00-04:00,273.5422854205696,274.86186958091537,266.16464639693965,272.1727294921875,37716100,0.0,0.0
2023-04-28 00:00:00-04:00,272.1627211147027,277.4909989806812,270.6232062712653,277.4010314941406,29168700,0.0,0.0
2023-05-01 00:00:00-04:00,278.31074230323526,290.4868302240743,277.71092855425223,289.00732421875,57032900,0.0,0.0
2023-05-02 00:00:00-04:00,286.7080266633599,288.26752401573407,280.739939696769,282.0095520019531,40273000,0.0,0.0
2023-05-03 00:00:00-04:00,278.3107302094102,283.57906000867524,274.6319174536069,277.93084716796875,38338700,0.0,0.0
2023-05-04 00:00:00-04:00,276.42131485567955,278.5006342397234,272.31261733840506,275.5315856933594,32185000,0.0,0.0
2023-05-05 00:00:00-04:00,278.1707982609845,287.45779787645154,277.2210906324605,286.7080383300781,36101400,0.0,0.0
2023-05-08 00:00:00-04:00,285.1285428274807,292.10631560966203,283.4090931408471,291.4165344238281,34497900,0.0,0.0
2023-05-09 00:00:00-04:00,288.8973247233534,289.6371081854229,284.4087742178742,285.6183776855469,31486900,0.0,0.0
2023-05-10 00:00:00-04:00,289.9570128090396,291.03668370141463,284.51875415029446,288.7574157714844,36935000,0.0,0.0
2023-05-11 00:00:00-04:00,288.8673582611038,289.4071936930766,282.36944199511066,285.6883850097656,32214900,0.0,0.0
2023-05-12 00:00:00-04:00,285.19852110311587,287.70769544537035,280.3700529140194,283.3091125488281,27402700,0.0,0.0
2023-05-15 00:00:00-04:00,284.9885789449736,289.5971166654113,281.42972285875715,289.4371643066406,29392600,0.0,0.0
2023-05-16 00:00:00-04:00,288.31753786719827,298.60424738015985,288.22757038261653,292.0363464355469,44940500,0.0,0.0
2023-05-17 00:00:00-04:00,295.74515978426837,301.89318219537836,294.2056449153361,301.6832580566406,43253500,0.0,0.0
2023-05-18 00:00:00-04:00,304.00247962651383,318.1779247038017,303.10277436282223,316.67840576171875,74872500,0.0,0.0
2023-05-19 00:00:00-04:00,315.25886292947195,315.69872428096613,309.0608693082408,312.5397644042969,47312400,0.0,0.0
2023-05-22 00:00:00-04:00,308.9109463014784,315.09896433116484,306.70163282506996,311.6600646972656,37200000,0.0,0.0
2023-05-23 00:00:00-04:00,309.9005801999315,312.7796614391645,306.21176117563806,306.7815856933594,35625300,0.0,0.0
2023-05-24 00:00:00-04:00,302.0031572328219,305.9718857288408,297.9644438559148,305.2821044921875,72141900,0.0,0.0
2023-05-25 00:00:00-04:00,385.1064740122605,394.6733818836082,366.2325236387206,379.6781921386719,154391100,0.0,0.0
2023-05-26 00:00:00-04:00,378.7784722743795,391.57438533548554,375.3795688312604,389.3350830078125,71439700,0.0,0.0
2023-05-30 00:00:00-04:00,405.81989024312156,419.24557811050346,399.361938945969,400.9814147949219,92340100,0.0,0.0
2023-05-31 00:00:00-04:00,394.7533942772071,402.82081411028446,378.09873232176045,378.21868896484375,100258000,0.0,0.0
2023-06-01 00:00:00-04:00,384.76661908636993,400.37159988379227,383.2770760343861,397.572509765625,63587300,0.0,0.0
2023-06-02 00:00:00-04:00,400.84146476043014,404.8701716680747,390.4547807743889,393.1439208984375,48165500,0.0,0.0
2023-06-05 00:00:00-04:00,388.9652564583599,395.52315092174973,386.9459150408446,391.58441162109375,39609400,0.0,0.0
2023-06-06 00:00:00-04:00,388.17549162626455,391.4744518898307,381.3577014304818,386.41607666015625,38872900,0.0,0.0
2023-06-07 00:00:00-04:00,389.06547604134187,394.90420401491986,373.47886562937396,374.6686096191406,51199800,0.04,0.0
2023-06-08 00:00:00-04:00,377.1580787441273,388.55562782945265,374.9685518259112,385.0163879394531,41777200,0.0,0.0
2023-06-09 00:00:00-04:00,390.28521727078163,397.0237437608525,385.58625629073435,387.6158142089844,42722000,0.0,0.0
2023-06-12 00:00:00-04:00,391.9148581074093,395.214129147301,386.0961148812479,394.7342529296875,38870100,0.0,0.0
2023-06-13 00:00:00-04:00,401.77271994979037,410.92075740176205,397.3136969985704,410.13092041015625,61320800,0.0,0.0
2023-06-14 00:00:00-04:00,408.1513259158721,429.90660969559997,405.4319154434061,429.8766174316406,74046500,0.0,0.0
2023-06-15 00:00:00-04:00,425.92744843142845,432.79598175083646,421.37844899236427,426.4373474121094,56862200,0.0,0.0
2023-06-16 00:00:00-04:00,434.4056414842328,437.1150444220003,426.5173402766966,426.8273010253906,65475500,0.0,0.0
2023-06-20 00:00:00-04:00,429.88664649817616,439.80447541488337,426.64732927399496,437.98486328125,45115300,0.0,0.0
2023-06-21 00:00:00-04:00,434.91551334642105,436.0552498406378,420.7085781905347,430.35650634765625,55160300,0.0,0.0
2023-06-22 00:00:00-04:00,422.4382606110904,434.1657248203281,422.2482994223194,430.1565856933594,41773700,0.0,0.0
2023-06-23 00:00:00-04:00,424.5477859987582,427.9970183778739,420.05874044588353,421.9983215332031,35632300,0.0,0.0
2023-06-26 00:00:00-04:00,424.5177238551871,427.54709477132064,400.9128686057256,406.2317199707031,59432200,0.0,0.0
2023-06-27 00:00:00-04:00,407.9013867836865,419.30891252790326,404.39216980010855,418.6690673828125,46217500,0.0,0.0
2023-06-28 00:00:00-04:00,406.5116739671594,418.3591057068304,405.09196903135285,411.0806884765625,58263900,0.0,0.0
2023-06-29 00:00:00-04:00,415.48973463209893,415.9096568450781,405.91182855553296,408.13134765625,38051400,0.0,0.0
2023-06-30 00:00:00-04:00,416.70945047427773,425.4075728641284,414.9198612660699,422.9281005859375,50053400,0.0,0.0
2023-07-03 00:00:00-04:00,425.07765494124317,428.8868248647805,421.9283147981266,424.0378723144531,19820900,0.0,0.0
2023-07-05 00:00:00-04:00,421.2585128777242,431.67623316100173,420.7586214492496,423.078125,32361800,0.0,0.0
2023-07-06 00:00:00-04:00,418.34913421965376,421.6984128375186,413.3702046900219,420.9385681152344,30358200,0.0,0.0
2023-07-07 00:00:00-04:00,423.128109062378,432.04618572133063,421.7084039567889,424.9377136230469,35525300,0.0,0.0
2023-07-10 00:00:00-04:00,426.477388382571,428.01703204244257,416.39955991475557,421.7084045410156,35390800,0.0,0.0
2023-07-11 00:00:00-04:00,424.71773043657083,427.4871178191234,420.5786454945798,423.9578857421875,29824400,0.0,0.0
2023-07-12 00:00:00-04:00,430.2365068524252,439.2545669829245,427.6770653969663,438.92462158203125,48127700,0.0,0.0
2023-07-13 00:00:00-04:00,445.0832782876473,461.44971705889037,444.8233555195284,459.67010498046875,47820400,0.0,0.0
2023-07-14 00:00:00-04:00,465.72881217765064,480.7755617495259,450.5021395338547,454.59124755859375,77066400,0.0,0.0
2023-07-17 00:00:00-04:00,462.78949703069986,464.8590243371767,452.5217076575106,464.50909423828125,51048800,0.0,0.0
2023-07-18 00:00:00-04:00,466.908582619836,478.8559689633444,457.24066936520546,474.83685302734375,57019000,0.0,0.0
2023-07-19 00:00:00-04:00,474.5369095663672,478.076118611506,467.31847673179976,470.667724609375,42750200,0.0,0.0
2023-07-20 00:00:00-04:00,464.9689864453064,470.76771438523093,450.52211301934136,455.10113525390625,53786500,0.0,0.0
2023-07-21 00:00:00-04:00,457.7805711440317,458.56040053791304,440.9042319421361,442.9937744140625,96283200,0.0,0.0
2023-07-24 00:00:00-04:00,447.2128457900594,450.9920235871102,440.3043429195264,446.0231018066406,38251600,0.0,0.0
2023-07-25 00:00:00-04:00,449.3123939180568,461.72967926620254,449.1324403358401,456.6907958984375,34808100,0.0,0.0
2023-07-26 00:00:00-04:00,460.1100311884692,460.4299690052499,446.20304885944773,454.4212646484375,36423700,0.0,0.0
2023-07-27 00:00:00-04:00,465.0889878916374,473.8470954486212,457.4006553101384,458.90032958984375,45597600,0.0,0.0
2023-07-28 00:00:00-04:00,466.5786083190836,470.1678247446682,463.70923669682463,467.3984375,33119400,0.0,0.0
2023-07-31 00:00:00-04:00,467.43848331073303,471.1976460879609,464.9590108530689,467.18853759765625,25105500,0.0,0.0
2023-08-01 00:00:00-04:00,464.49909500416476,468.89813322218293,460.1700183938281,464.968994140625,23785800,0.0,0.0
2023-08-02 00:00:00-04:00,458.2104752971957,458.3004520923334,433.7757800154074,442.5938720703125,53014200,0.0,0.0
2023-08-03 00:00:00-04:00,437.90490320789354,451.08203429686324,437.90490320789354,445.0533447265625,32417600,0.0,0.0
2023-08-04 00:00:00-04:00,449.75229773467686,456.32087803946644,443.8335701463282,446.70294189453125,36225800,0.0,0.0
2023-08-07 00:00:00-04:00,451.0120170901481,455.3010939672013,445.53322671733156,454.0713806152344,32215400,0.0,0.0
2023-08-08 00:00:00-04:00,448.43260351872357,452.3217734767472,440.46433292996875,446.54302978515625,35384300,0.0,0.0
2023-08-09 00:00:00-04:00,442.6438479827316,443.02377034639994,421.24850115595797,425.4476013183594,58644900,0.0,0.0
2023-08-10 00:00:00-04:00,421.50846016527305,435.64537394960666,418.25916586806,423.7879638671875,49270500,0.0,0.0
2023-08-11 00:00:00-04:00,417.4193183549025,420.08872129209743,406.3017387200287,408.46124267578125,53200900,0.0,0.0
2023-08-14 00:00:00-04:00,404.7720777956702,437.90489672757514,403.0224577744984,437.43499755859375,69028600,0.0,0.0
2023-08-15 00:00:00-04:00,445.50323112404857,452.58168007166034,437.0050771458489,439.3045654296875,67651200,0.0,0.0
2023-08-16 00:00:00-04:00,445.10331444139996,446.6529655758956,433.9657194122259,434.7655334472656,52745100,0.0,0.0
2023-08-17 00:00:00-04:00,439.604505752979,440.52428883529103,429.9166080596902,433.3458557128906,45239500,0.0,0.0
2023-08-18 00:00:00-04:00,426.2574233313895,435.6853682650561,416.5095405637462,432.8959655761719,58262200,0.0,0.0
2023-08-21 00:00:00-04:00,444.84335395402263,470.5477607644944,442.1239435635488,469.5679931640625,69257300,0.0,0.0
2023-08-22 00:00:00-04:00,481.24543395506004,481.7653100023506,453.2315017066707,456.5807800292969,75720700,0.0,0.0
2023-08-23 00:00:00-04:00,458.5603929437345,471.89749213208574,451.9818048867778,471.05767822265625,77904600,0.0,0.0
2023-08-24 00:00:00-04:00,502.05092442341277,502.55081581337026,471.4875575187845,471.5275573730469,115604400,0.0,0.0
2023-08-25 00:00:00-04:00,470.01789121046204,477.94616159567727,450.14220400438177,460.0800476074219,92534100,0.0,0.0
2023-08-28 00:00:00-04:00,464.7190588726715,469.697957801666,448.78251824129654,468.248291015625,68519200,0.0,0.0
2023-08-29 00:00:00-04:00,466.5586468464273,490.70339545413424,463.8092441361906,487.7340393066406,70139700,0.0,0.0
2023-08-30 00:00:00-04:00,490.33348562486333,499.1615544456097,484.14482756676836,492.53302001953125,73520600,0.0,0.0
2023-08-31 00:00:00-04:00,493.6927252363582,497.33194920580235,489.47364067853687,493.4427795410156,52857000,0.0,0.0
2023-09-01 00:00:00-04:00,497.5119273057969,497.8918496631956,481.3154637558537,484.9846496582031,46319100,0.0,0.0
2023-09-05 00:00:00-04:00,482.1252786001772,488.40391346756024,478.49606209441396,485.37457275390625,38265300,0.0,0.0
2023-09-06 00:00:00-04:00,484.3446971454404,485.4245381175728,465.73719021563295,470.5465393066406,46867000,0.04,0.0
2023-09-07 00:00:00-04:00,455.1886179815791,463.37751615306615,451.4591099180474,462.34765625,43333000,0.0,0.0
2023-09-08 00:00:00-04:00,459.35808277459574,465.99717182352134,452.64896532510176,455.6585693359375,47306900,0.0,0.0
2023-09-11 00:00:00-04:00,461.4177900565756,461.56776372951947,443.0602496516598,451.7190856933594,47396600,0.0,0.0
2023-09-12 00:00:00-04:00,447.3196665553279,456.66841161962833,445.2499384138586,448.6394958496094,34925600,0.0,0.0
2023-09-13 00:00:00-04:00,445.9398830891961,459.23807815978853,444.9700126161989,454.7886962890625,39835500,0.0,0.0
2023-09-14 00:00:00-04:00,459.4380400297751,459.80798525602364,451.24914194594754,455.74853515625,37009700,0.0,0.0
2023-09-15 00:00:00-04:00,453.34885620901997,455.92849484099617,438.02090654489086,438.9407958984375,50571300,0.0,0.0
2023-09-18 00:00:00-04:00,427.4223580118953,442.360345539021,419.94335583269515,439.6007080078125,50027100,0.0,0.0
2023-09-19 00:00:00-04:00,438.270879202693,439.6007169440685,429.9620022201763,435.1413269042969,37306400,0.0,0.0
2023-09-20 00:00:00-04:00,435.9412193274472,438.970809608198,422.1730867569296,422.33306884765625,36710800,0.0,0.0
2023-09-21 00:00:00-04:00,415.7739256606438,420.9432420831712,409.744739827117,410.1147155761719,44893000,0.0,0.0
2023-09-22 00:00:00-04:00,415.66393064799837,421.09319094910865,412.2543869129016,416.04388427734375,47923600,0.0,0.0
2023-09-25 00:00:00-04:00,415.8539389669812,425.3026467982974,411.71448239278345,422.1630859375,41909100,0.0,0.0
2023-09-26 00:00:00-04:00,419.9534004223805,428.1422990075724,416.4938447947326,419.0534973144531,40228200,0.0,0.0
2023-09-27 00:00:00-04:00,423.2429228544315,428.66220561185634,416.2338886194876,424.62274169921875,44493500,0.0,0.0
2023-09-28 00:00:00-04:00,424.5427789137833,434.4014353457878,421.0932316961546,430.8319396972656,42466300,0.0,0.0
2023-09-29 00:00:00-04:00,438.210891947939,441.38047792570734,433.0116114328017,434.93133544921875,39722100,0.0,0.0
2023-10-02 00:00:00-04:00,440.2406376823148,451.6891064882325,438.55086304430324,447.7596435546875,43329800,0.0,0.0
2023-10-03 00:00:00-04:00,448.0195602817359,451.2391272658404,432.4016716151628,435.111328125,47085000,0.0,0.0
2023-10-04 00:00:00-04:00,437.3610294067515,441.3704679280533,432.8616362104786,440.3506164550781,36182100,0.0,0.0
2023-10-05 00:00:00-04:00,440.4406183579128,448.9394725146489,438.82084162431266,446.81976318359375,39348300,0.0,0.0
2023-10-06 00:00:00-04:00,441.87043128043143,457.82830223099313,440.2006734432822,457.5583190917969,43339700,0.0,0.0
2023-10-09 00:00:00-04:00,448.3595593272307,455.98850505140695,443.6201776049425,452.6689758300781,40967500,0.0,0.0
2023-10-10 00:00:00-04:00,453.0389268820659,462.5276378376784,450.8192249240958,457.91827392578125,36858200,0.0,0.0
2023-10-11 00:00:00-04:00,461.8977337109419,468.5268450766636,460.43793901700354,467.9969177246094,37813700,0.0,0.0
2023-10-12 00:00:00-04:00,467.70692206526354,476.0258076469913,463.2375235111337,469.38671875,48132500,0.0,0.0
2023-10-13 00:00:00-04:00,469.53667469820317,471.0964618717109,452.73892207921307,454.5486755371094,47411500,0.0,0.0
2023-10-16 00:00:00-04:00,450.5692621798574,462.1876909789922,449.05945595610416,460.88787841796875,37509900,0.0,0.0
2023-10-17 00:00:00-04:00,439.94068179677674,447.479673842246,424.74271876568434,439.3207702636719,81233300,0.0,0.0
2023-10-18 00:00:00-04:00,425.85255558890725,432.1317073023299,418.1935851320462,421.903076171875,62729400,0.0,0.0
2023-10-19 00:00:00-04:00,428.0522654016917,432.9116260189533,418.76353989609333,420.9532470703125,50123300,0.0,0.0
2023-10-20 00:00:00-04:00,418.8435297628908,424.6427662806148,410.7246291515418,413.814208984375,47638100,0.0,0.0
2023-10-23 00:00:00-04:00,412.2344101883315,432.42168995654157,409.39479683117247,429.6920471191406,47853000,0.0,0.0
2023-10-24 00:00:00-04:00,430.7119106789919,436.9110869726746,426.85244574790164,436.5711364746094,40146300,0.0,0.0
2023-10-25 00:00:00-04:00,433.9214924522061,436.44114166667214,415.49395439160355,417.7336730957031,39837900,0.0,0.0
2023-10-26 00:00:00-04:00,418.4735571943698,422.50301250122976,398.7462069327064,403.20562744140625,54100100,0.0,0.0
2023-10-27 00:00:00-04:00,411.24454257705787,412.0044498897123,400.09605175336065,404.9454040527344,41678400,0.0,0.0
2023-10-30 00:00:00-04:00,410.81458344081085,417.60367625627924,404.75540315928174,411.5544738769531,38802800,0.0,0.0
2023-10-31 00:00:00-04:00,404.4454523344302,408.73488236278496,392.24708532439723,407.7449951171875,51796900,0.0,0.0
2023-11-01 00:00:00-04:00,408.7848714041423,423.7528541816087,408.63489773171545,423.19293212890625,43759300,0.0,0.0
2023-11-02 00:00:00-04:00,433.2215839735608,438.7808319333312,428.8821727539394,435.0013427734375,40917200,0.0,0.0
2023-11-03 00:00:00-04:00,440.140641237072,453.0288868607996,437.17104058849145,449.9892883300781,42385500,0.0,0.0
2023-11-06 00:00:00-05:00,452.78895828406155,459.28808203183434,448.9294627760752,457.4483337402344,40073300,0.0,0.0
2023-11-07 00:00:00-05:00,457.12836990101715,462.1176874483845,451.5191103028531,459.488037109375,34316500,0.0,0.0
2023-11-08 00:00:00-05:00,460.93783401330734,468.6068131374567,459.61800469246765,465.67718505859375,34671900,0.0,0.0
2023-11-09 00:00:00-05:00,474.6059921457788,482.2349374155862,467.4369457760812,469.4366760253906,54049600,0.0,0.0
2023-11-10 00:00:00-05:00,474.93597054199813,484.6546615176277,472.7662496295977,483.28485107421875,42124500,0.0,0.0
2023-11-13 00:00:00-05:00,483.1348649232387,491.0937831750693,480.92514091607296,486.13446044921875,38413600,0.0,0.0
2023-11-14 00:00:00-05:00,496.7329998665614,498.2728007585412,490.3338689377314,496.4930419921875,41695400,0.0,0.0
2023-11-15 00:00:00-05:00,499.2827075868731,499.5326738938142,481.93503978246673,488.8141174316406,47549700,0.0,0.0
2023-11-16 00:00:00-05:00,486.72440708842475,495.1832584466404,483.23485666338985,494.7333068847656,33975600,0.0,0.0
2023-11-17 00:00:00-05:00,495.1732182417625,497.10298121483083,490.0039323877154,492.9135437011719,32520500,0.0,0.0
2023-11-20 00:00:00-05:00,493.0535114731041,505.4118609346684,491.7436905315859,504.02203369140625,41412000,0.0,0.0
2023-11-21 00:00:00-05:00,501.1924120324734,505.1018884085854,492.15362258357635,499.3726501464844,56574700,0.0,0.0
2023-11-22 00:00:00-05:00,498.45278375086446,503.28214970820596,476.83570321581163,487.0943298339844,89942000,0.0,0.0
2023-11-24 00:00:00-05:00,484.63468474953095,489.14405614639105,477.3856618983961,477.69561767578125,29464500,0.0,0.0
2023-11-27 00:00:00-05:00,477.9355628839408,485.23456659707557,476.4557514115033,482.35498046875,39566200,0.0,0.0
2023-11-28 00:00:00-05:00,482.29494210812305,483.1648504253439,474.6659965974685,478.1455078125,40149100,0.0,0.0
2023-11-29 00:00:00-05:00,483.724775392069,487.5542455375894,478.53547275887826,481.3350830078125,38200500,0.0,0.0
2023-11-30 00:00:00-05:00,480.17525043898274,481.0351503718154,464.15742103473957,467.636962890625,52624700,0.0,0.0
2023-12-01 00:00:00-05:00,465.18727425459025,471.93636420884815,461.8077250694151,467.5869445800781,36880900,0.0,0.0
2023-12-04 00:00:00-05:00,460.7078844570094,460.7078844570094,450.0393396929435,455.0386657714844,43754300,0.0,0.0
2023-12-05 00:00:00-05:00,454.63866923913076,465.97813346010656,452.68874853428775,465.6381530761719,37171800,0.04,0.0
2023-12-06 00:00:00-05:00,472.12785952472757,473.84778011184613,454.09870599101134,455.0086669921875,38059000,0.0,0.0
2023-12-07 00:00:00-05:00,456.9785695811732,466.2681424832635,456.018623143642,465.9381408691406,35082300,0.0,0.0
2023-12-08 00:00:00-05:00,465.92816158571975,477.387615627069,465.47817048191,475.0377197265625,35880300,0.0,0.0
2023-12-11 00:00:00-05:00,474.88771710025554,475.28769222583884,458.2784807054221,466.24810791015625,50972800,0.0,0.0
2023-12-12 00:00:00-05:00,460.43837824702945,476.63763005306885,460.43837824702945,476.5476379394531,37238700,0.0,0.0
2023-12-13 00:00:00-05:00,476.2676713180516,485.9172126455148,476.05765919508434,480.8574523925781,44779200,0.0,0.0
2023-12-14 00:00:00-05:00,483.87730057753873,486.6771875764316,474.197761861592,483.4773254394531,39123200,0.0,0.0
2023-12-15 00:00:00-05:00,481.91741001138655,494.01684888964644,481.1774544663453,488.8770751953125,47947800,0.0,0.0
2023-12-18 00:00:00-05:00,493.9768191452726,504.30632098491054,491.47693645729044,500.7464904785156,41258700,0.0,0.0
2023-12-19 00:00:00-05:00,494.21682022484345,496.97670060099404,488.9270901920848,496.0167541503906,46444400,0.0,0.0
2023-12-20 00:00:00-05:00,496.52668004090566,499.9665210107059,480.95743407943263,481.08740234375,39789400,0.0,0.0
2023-12-21 00:00:00-05:00,488.08708957915536,490.9269832175,484.167290543616,489.87701416015625,30042500,0.0,0.0
2023-12-22 00:00:00-05:00,491.9269221894127,493.80680831673646,484.6472651019461,488.2770690917969,25213900,0.0,0.0
2023-12-26 00:00:00-05:00,489.65703666549206,495.97674771019086,489.5770538429663,492.76690673828125,24420000,0.0,0.0
2023-12-27 00:00:00-05:00,495.0867478755757,496.77667099846224,490.82696856525666,494.1468200683594,23364800,0.0,0.0
2023-12-28 00:00:00-05:00,496.40671205497165,498.81660269735573,494.09682282620895,495.19677734375,24658700,0.0,0.0
2023-12-29 00:00:00-05:00,498.1066445380939,499.9465545873685,487.4871474570504,495.19677734375,38869000,0.0,0.0
2024-01-02 00:00:00-05:00,492.4169149630152,492.9269008174238,475.9276978427075,481.65740966796875,41125400,0.0,0.0
2024-01-03 00:00:00-05:00,474.8277371470654,481.8173995731091,473.17782063005194,475.6676940917969,32089600,0.0,0.0
2024-01-04 00:00:00-05:00,477.6475998464708,484.97724247575263,475.05769452213394,479.9574890136719,30653500,0.0,0.0
2024-01-05 00:00:00-05:00,484.59725234566076,495.4467492683494,483.03732799632047,490.94696044921875,41456800,0.0,0.0
2024-01-08 00:00:00-05:00,495.0967460611004,522.7254535381536,494.76677498381866,522.5054931640625,64251000,0.0,0.0
2024-01-09 00:00:00-05:00,523.9854537310143,543.2245423454635,516.8758015659237,531.3751220703125,77310000,0.0,0.0
2024-01-10 00:00:00-05:00,536.1348050009552,545.9743699509833,534.864906118595,543.4744873046875,53379600,0.0,0.0
2024-01-11 00:00:00-05:00,549.964211470419,553.4340805636872,535.5748713011493,548.1942749023438,59675900,0.0,0.0
2024-01-12 00:00:00-05:00,546.1744196098422,549.6742556148072,543.2745310785241,547.0743408203125,35247900,0.0,0.0
2024-01-16 00:00:00-05:00,550.1542038084857,568.3233350277694,548.9742664431028,563.7935791015625,44958000,0.0,0.0
2024-01-17 00:00:00-05:00,563.4435265768236,564.6835196496912,547.3743344640463,560.5037231445312,47439400,0.0,0.0
2024-01-18 00:00:00-05:00,572.5731093666915,575.9729742526274,561.043682087628,571.043212890625,49165000,0.0,0.0
2024-01-19 00:00:00-05:00,579.8628258107696,594.9721027125769,572.2231693735665,594.882080078125,54210300,0.0,0.0
2024-01-22 00:00:00-05:00,600.4618510336633,603.2817262112128,590.672331768599,596.5120239257812,45295500,0.0,0.0
2024-01-23 00:00:00-05:00,595.672078119088,599.0718820639266,585.8225033945589,598.701904296875,29465400,0.0,0.0
2024-01-24 00:00:00-05:00,603.0116661504815,628.4604835153165,599.3518648365299,613.5911865234375,56027100,0.0,0.0
2024-01-25 00:00:00-05:00,623.4707251739889,627.1605543608972,608.4714294600998,616.1410522460938,48277700,0.0,0.0
2024-01-26 00:00:00-05:00,609.5713833999547,617.8010388886267,605.7015697978993,610.2813720703125,39030900,0.0,0.0
2024-01-29 00:00:00-05:00,612.2912887425915,624.8607065175925,609.0414411716959,624.6207275390625,34873300,0.0,0.0
2024-01-30 00:00:00-05:00,628.9705220045091,634.9002367720275,622.57079752668,627.7105712890625,41073500,0.0,0.0
2024-01-31 00:00:00-05:00,614.3711956069668,622.6607846529175,606.9715184159966,615.2411499023438,45379500,0.0,0.0
2024-02-01 00:00:00-05:00,620.9708934740116,631.8803552636043,616.4711043908667,630.240478515625,36914600,0.0,0.0
2024-02-02 00:00:00-05:00,639.7100088424377,665.968787933637,636.8701761170225,661.5689697265625,47578000,0.0,0.0
2024-02-05 00:00:00-05:00,682.2179876850402,694.937361545793,672.0184540796995,693.2874755859375,68007800,0.0,0.0
2024-02-06 00:00:00-05:00,696.2673457798666,697.5072778844439,662.9689190649632,682.197998046875,68311100,0.0,0.0
2024-02-07 00:00:00-05:00,683.157939858031,702.1670574706372,675.9682748484547,700.9570922851562,49557500,0.0,0.0
2024-02-08 00:00:00-05:00,700.7071333965963,707.9068080038953,694.5174211968044,696.3773193359375,41442200,0.0,0.0
2024-02-09 00:00:00-05:00,705.2969536383907,721.8161377355045,702.0870821405521,721.2962036132812,43663700,0.0,0.0
2024-02-12 00:00:00-05:00,725.9659604471091,746.0750029131206,712.4665934140016,722.4461059570312,61371000,0.0,0.0
2024-02-13 00:00:00-05:00,703.9669966080675,734.4655667736158,696.1673744771075,721.2462158203125,60258000,0.0,0.0
2024-02-14 00:00:00-05:00,731.9856790073508,742.3251597591762,719.3462573272933,738.96533203125,50491700,0.0,0.0
2024-02-15 00:00:00-05:00,738.655377182341,739.715325054747,723.9660633181978,726.5459594726562,42012200,0.0,0.0
2024-02-16 00:00:00-05:00,740.9652449366281,743.9851228201451,724.9760046794784,726.095947265625,49391800,0.0,0.0
2024-02-20 00:00:00-05:00,719.436207066238,719.5262296968826,677.3082403130875,694.4874267578125,70483300,0.0,0.0
2024-02-21 00:00:00-05:00,680.0280696050181,688.8476628410896,662.4488778746595,674.6882934570312,69029800,0.0,0.0
2024-02-22 00:00:00-05:00,750.2147837455526,785.7131173982913,742.1651738138547,785.3431396484375,86510000,0.0,0.0
2024-02-23 00:00:00-05:00,807.8621112163919,823.9013365183499,775.6636100941372,788.1329956054688,82938800,0.0,0.0
2024-02-26 00:00:00-05:00,796.9626053551382,806.4221834706275,785.0131538337564,790.8828735351562,50397300,0.0,0.0
2024-02-27 00:00:00-05:00,793.7727522357101,794.7626960200453,771.5837909424479,786.9730834960938,39170500,0.0,0.0
2024-02-28 00:00:00-05:00,776.1635943931806,789.2929832413806,771.2138144312154,776.5935668945312,39311000,0.0,0.0
2024-02-29 00:00:00-05:00,790.9029015093931,799.8625031907945,783.4632480590909,791.0828857421875,50728900,0.0,0.0
2024-03-01 00:00:00-05:00,799.9624942259578,822.9614159349542,794.3127346975691,822.7514038085938,47677700,0.0,0.0
2024-03-04 00:00:00-05:00,841.2605289733142,876.9088813228284,837.1507363891035,852.3300170898438,61561600,0.0,0.0
2024-03-05 00:00:00-05:00,852.7000122070312,860.969970703125,834.1699829101562,859.6400146484375,52063900,0.04,0.0
2024-03-06 00:00:00-05:00,880.219970703125,897.239990234375,870.2999877929688,887.0,58252000,0.0,0.0
2024-03-07 00:00:00-05:00,901.5800170898438,927.6699829101562,896.02001953125,926.6900024414062,60811900,0.0,0.0
2024-03-08 00:00:00-05:00,951.3800048828125,974.0,865.0599975585938,875.280029296875,113299600,0.0,0.0
2024-03-11 00:00:00-04:00,864.2899780273438,887.969970703125,841.6599731445312,857.739990234375,67836400,0.0,0.0
2024-03-12 00:00:00-04:00,880.489990234375,919.5999755859375,861.5,919.1300048828125,66807500,0.0,0.0
2024-03-13 00:00:00-04:00,910.5499877929688,915.0399780273438,884.3499755859375,908.8800048828125,63571300,0.0,0.0
2024-03-14 00:00:00-04:00,895.77001953125,906.4600219726562,866.0,879.4400024414062,60231800,0.0,0.0
2024-03-15 00:00:00-04:00,869.2999877929688,895.4600219726562,862.5700073242188,878.3699951171875,64019300,0.0,0.0
2024-03-18 00:00:00-04:00,903.8800048828125,924.0499877929688,870.8499755859375,884.5499877929688,66897600,0.0,0.0
2024-03-19 00:00:00-04:00,867.0,905.4400024414062,850.0999755859375,893.97998046875,67217100,0.0,0.0
2024-03-20 00:00:00-04:00,897.969970703125,904.0999755859375,882.22998046875,903.719970703125,47906300,0.0,0.0
2024-03-21 00:00:00-04:00,923.0,926.47998046875,904.0499877929688,914.3499755859375,48037200,0.0,0.0
2024-03-22 00:00:00-04:00,911.4099731445312,947.780029296875,908.3400268554688,942.8900146484375,58521500,0.0,0.0
2024-03-25 00:00:00-04:00,939.4099731445312,967.6599731445312,935.0999755859375,950.02001953125,55213600,0.0,0.0
2024-03-26 00:00:00-04:00,958.510009765625,963.75,925.02001953125,925.6099853515625,51364800,0.0,0.0
2024-03-27 00:00:00-04:00,931.1199951171875,932.4000244140625,891.22998046875,902.5,58606700,0.0,0.0
2024-03-28 00:00:00-04:00,900.0,913.0,891.9299926757812,903.5599975585938,43521200,0.0,0.0
2024-04-01 00:00:00-04:00,902.989990234375,922.25,892.0399780273438,903.6300048828125,45244100,0.0,0.0
2024-04-02 00:00:00-04:00,884.47998046875,900.9400024414062,876.2000122070312,894.52001953125,43306400,0.0,0.0
2024-04-03 00:00:00-04:00,884.8400268554688,903.739990234375,884.0,889.6400146484375,37006700,0.0,0.0
2024-04-04 00:00:00-04:00,904.0599975585938,906.3400268554688,858.7999877929688,859.0499877929688,43496500,0.0,0.0
2024-04-05 00:00:00-04:00,868.6599731445312,884.8099975585938,859.260009765625,880.0800170898438,39885700,0.0,0.0
2024-04-08 00:00:00-04:00,887.0,888.2999877929688,867.3200073242188,871.3300170898438,28322000,0.0,0.0
2024-04-09 00:00:00-04:00,874.4199829101562,876.3499755859375,830.219970703125,853.5399780273438,50354700,0.0,0.0
2024-04-10 00:00:00-04:00,839.260009765625,874.0,837.0900268554688,870.3900146484375,43192900,0.0,0.0
2024-04-11 00:00:00-04:00,874.2000122070312,907.3900146484375,869.260009765625,906.1599731445312,43163700,0.0,0.0
2024-04-12 00:00:00-04:00,896.989990234375,901.75,875.2999877929688,881.8599853515625,42488900,0.0,0.0
2024-04-15 00:00:00-04:00,890.97998046875,906.1300048828125,859.2899780273438,860.010009765625,44307700,0.0,0.0
2024-04-16 00:00:00-04:00,864.3300170898438,881.1799926757812,860.6400146484375,874.1500244140625,37045300,0.0,0.0
2024-04-17 00:00:00-04:00,883.4000244140625,887.75,839.5,840.3499755859375,49540000,0.0,0.0
2024-04-18 00:00:00-04:00,849.7000122070312,861.9000244140625,824.02001953125,846.7100219726562,44726000,0.0,0.0
2024-04-19 00:00:00-04:00,831.5,843.239990234375,756.0599975585938,762.0,87190500,0.0,0.0
2024-04-22 00:00:00-04:00,781.0399780273438,800.72998046875,764.0,795.1799926757812,59634100,0.0,0.0
2024-04-23 00:00:00-04:00,807.6900024414062,827.6900024414062,802.6400146484375,824.22998046875,43855900,0.0,0.0
2024-04-24 00:00:00-04:00,839.5,840.8200073242188,791.8300170898438,796.77001953125,51220800,0.0,0.0
2024-04-25 00:00:00-04:00,788.6799926757812,833.22998046875,782.22998046875,826.3200073242188,42464100,0.0,0.0
2024-04-26 00:00:00-04:00,838.1799926757812,883.3099975585938,833.8699951171875,877.3499755859375,55101100,0.0,0.0
2024-04-29 00:00:00-04:00,875.9500122070312,879.9199829101562,852.6599731445312,877.5700073242188,38897100,0.0,0.0
2024-04-30 00:00:00-04:00,872.4000244140625,888.1900024414062,863.0,864.02001953125,36370900,0.0,0.0
2024-05-01 00:00:00-04:00,850.77001953125,860.0,812.5499877929688,830.4099731445312,55986300,0.0,0.0
2024-05-02 00:00:00-04:00,844.489990234375,862.3699951171875,832.0,858.1699829101562,37789800,0.0,0.0
2024-05-03 00:00:00-04:00,877.8900146484375,892.8099975585938,870.4000244140625,887.8900146484375,39834100,0.0,0.0
2024-05-06 00:00:00-04:00,893.9000244140625,922.2000122070312,890.5499877929688,921.4000244140625,37620300,0.0,0.0
2024-05-07 00:00:00-04:00,910.97998046875,917.8099975585938,890.1099853515625,905.5399780273438,43734200,0.0,0.0
2024-05-08 00:00:00-04:00,894.8300170898438,911.9400024414062,894.2000122070312,904.1199951171875,32572100,0.0,0.0
2024-05-09 00:00:00-04:00,905.2899780273438,910.719970703125,882.3099975585938,887.469970703125,37801300,0.0,0.0
2024-05-10 00:00:00-04:00,903.0499877929688,914.010009765625,892.27001953125,898.780029296875,33532500,0.0,0.0
2024-05-13 00:00:00-04:00,904.780029296875,909.97998046875,885.2899780273438,903.989990234375,28968000,0.0,0.0
2024-05-14 00:00:00-04:00,895.989990234375,916.510009765625,889.3400268554688,913.5599975585938,29650700,0.0,0.0
2024-05-15 00:00:00-04:00,924.719970703125,948.6199951171875,915.989990234375,946.2999877929688,41773500,0.0,0.0
2024-05-16 00:00:00-04:00,949.0999755859375,958.1900024414062,941.030029296875,943.5900268554688,32395200,0.0,0.0
2024-05-17 00:00:00-04:00,943.6900024414062,947.4000244140625,918.0599975585938,924.7899780273438,35969100,0.0,0.0
2024-05-20 00:00:00-04:00,937.5,952.0,934.4000244140625,947.7999877929688,31767800,0.0,0.0
