Date,Open,High,Low,Close,Volume,Dividends,Stock Splits,Capital Gains
2022-05-23 00:00:00-04:00,380.7713637176079,385.5209730706834,378.3965886218563,384.73583984375,76414900,0.0,0.0,0.0
2022-05-24 00:00:00-04:00,380.50966879771573,383.0201605820218,375.08156486209793,381.7988586425781,91448800,0.0,0.0,0.0
2022-05-25 00:00:00-04:00,380.2673253820546,387.1881642351213,379.8602346146891,385.1719970703125,91472900,0.0,0.0,0.0
2022-05-26 00:00:00-04:00,386.432128127451,394.5451913542077,386.21888023560183,392.8682861328125,82168300,0.0,0.0,0.0
2022-05-27 00:00:00-04:00,395.3884336354424,402.6291290226417,395.1848882657414,402.5128173828125,84768700,0.0,0.0,0.0
2022-05-31 00:00:00-04:00,400.8552967024539,403.67597235427877,397.4433603413986,400.25433349609375,95937000,0.0,0.0,0.0
2022-06-01 00:00:00-04:00,402.4256043978443,403.4627362936405,394.4385262753712,397.0168762207031,86585800,0.0,0.0,0.0
2022-06-02 00:00:00-04:00,396.85213630453944,404.6259374594173,394.545189914079,404.5774841308594,79609600,0.0,0.0,0.0
2022-06-03 00:00:00-04:00,399.74063389443666,401.3303053417333,396.93936302753025,397.937744140625,71874300,0.0,0.0,0.0
2022-06-06 00:00:00-04:00,402.04759072355944,403.82140261082776,397.94742743026546,399.1493835449219,57508900,0.0,0.0,0.0
2022-06-07 00:00:00-04:00,395.57259762304454,403.4433339944073,395.0976189931983,402.9780578613281,59272400,0.0,0.0,0.0
2022-06-08 00:00:00-04:00,401.2236354617166,403.0556325668791,397.7826212000241,398.5968322753906,64350000,0.0,0.0,0.0
2022-06-09 00:00:00-04:00,396.7744922907051,399.10081360867457,389.11700439453125,389.11700439453125,86289800,0.0,0.0,0.0
2022-06-10 00:00:00-04:00,382.7583961668332,383.63076300262816,377.7858667477859,377.8343200683594,132893900,0.0,0.0,0.0
2022-06-13 00:00:00-04:00,368.18983504213395,370.0896610759199,361.8408811852634,363.48870849609375,170004900,0.0,0.0,0.0
2022-06-14 00:00:00-04:00,365.281874918061,366.3384117351233,359.21402811652814,362.3933410644531,104011800,0.0,0.0,0.0
2022-06-15 00:00:00-04:00,365.7762400229416,372.11549121050666,360.69710073926535,367.5597839355469,125666800,0.0,0.0,0.0
2022-06-16 00:00:00-04:00,359.13648366299395,359.55327687643126,352.90384255028727,355.39495849609375,134473300,0.0,0.0,0.0
2022-06-17 00:00:00-04:00,355.8204654762124,359.58786835765824,352.5690112892282,356.1611633300781,111113900,1.577,0.0,0.0
2022-06-21 00:00:00-04:00,362.03129187560137,366.5482710442013,361.95339602127024,365.1269836425781,76811900,0.0,0.0,0.0
2022-06-22 00:00:00-04:00,360.79491941038214,368.6801956713606,360.3665813620333,364.4649963378906,90059400,0.0,0.0,0.0
2022-06-23 00:00:00-04:00,366.6554106181186,368.787327100022,363.00482189588377,368.0377502441406,79292100,0.0,0.0,0.0
2022-06-24 00:00:00-04:00,371.2891862210083,379.74881911655575,371.2599827010004,379.73907470703125,98050300,0.0,0.0,0.0
2022-06-27 00:00:00-04:00,380.6833519250774,380.98513152711774,377.1690663684165,378.28857421875,66009600,0.0,0.0,0.0
2022-06-28 00:00:00-04:00,379.88510458925043,382.73742384391664,370.442237438999,370.5590515136719,86548900,0.0,0.0,0.0
2022-06-29 00:00:00-04:00,371.1237449092345,372.13615350511753,368.3882393428364,370.25732421875,65676000,0.0,0.0,0.0
2022-06-30 00:00:00-04:00,366.26600229355023,370.5688427418811,362.68356491099473,367.2492370605469,112508300,0.0,0.0,0.0
2022-07-01 00:00:00-04:00,366.5774954956334,371.5812497681299,363.8906528304911,371.1334228515625,74839700,0.0,0.0,0.0
2022-07-05 00:00:00-04:00,365.915542571367,371.8538394056252,363.0145307517283,371.8343505859375,81438000,0.0,0.0,0.0
2022-07-06 00:00:00-04:00,371.98032532229934,375.6406579737619,369.53688512698045,373.0901184082031,70426200,0.0,0.0,0.0
2022-07-07 00:00:00-04:00,374.91054563158485,379.4956762109673,373.1095827979627,378.6779479980469,64525900,0.0,0.0,0.0
2022-07-08 00:00:00-04:00,377.00357541741255,380.2842626629975,375.43627030437085,378.3664855957031,72397800,0.0,0.0,0.0
2022-07-11 00:00:00-04:00,375.6211776965877,376.6141269475727,373.3334699183484,374.04412841796875,58366900,0.0,0.0,0.0
2022-07-12 00:00:00-04:00,373.4795331164691,375.923003181104,368.94306493001255,370.7342834472656,62219200,0.0,0.0,0.0
2022-07-13 00:00:00-04:00,365.15619291910144,371.79540344874573,364.727854839217,368.78729248046875,84224600,0.0,0.0,0.0
2022-07-14 00:00:00-04:00,363.7056975086294,369.00148712875557,361.2038500107348,367.8917236328125,89704800,0.0,0.0,0.0
2022-07-15 00:00:00-04:00,372.4086970288189,375.03713268446603,370.4520017557682,374.9203186035156,79060400,0.0,0.0,0.0
2022-07-18 00:00:00-04:00,378.08415069985796,378.77532046380696,370.56880472881056,371.8246154785156,63203600,0.0,0.0,0.0
2022-07-19 00:00:00-04:00,375.845095291038,382.45510227754477,375.17341436356577,381.8710021972656,78506000,0.0,0.0,0.0
2022-07-20 00:00:00-04:00,382.06573276645713,385.75526925944484,380.66390438148466,384.30474853515625,71843800,0.0,0.0,0.0
2022-07-21 00:00:00-04:00,383.7109358919804,388.26686331461923,381.2480066490586,388.21820068359375,64903900,0.0,0.0,0.0
2022-07-22 00:00:00-04:00,388.34475638972924,389.5713339432957,382.338308277672,384.61627197265625,72197300,0.0,0.0,0.0
2022-07-25 00:00:00-04:00,385.2587782492228,385.9596924390549,382.7861046200145,385.08355712890625,53631500,0.0,0.0,0.0
2022-07-26 00:00:00-04:00,383.39939682302145,383.6135658665473,379.61253519573495,380.5276184082031,52946400,0.0,0.0,0.0
2022-07-27 00:00:00-04:00,383.9056013591905,392.1997573162678,383.60382175788095,390.4085388183594,82342100,0.0,0.0,0.0
2022-07-28 00:00:00-04:00,391.2359636395745,396.0157740469705,387.59509034193263,395.3051452636719,73966600,0.0,0.0,0.0
2022-07-29 00:00:00-04:00,396.775141750926,402.0806754798391,395.9866170276397,401.0682373046875,87003700,0.0,0.0,0.0
2022-08-01 00:00:00-04:00,398.30356564101714,402.4506439854526,397.57344788790203,399.880615234375,69997500,0.0,0.0,0.0
2022-08-02 00:00:00-04:00,398.2743595325519,402.05150677084,396.03534365430096,397.2424621582031,63435400,0.0,0.0,0.0
2022-08-03 00:00:00-04:00,399.4230651484018,404.66044780679624,399.13102993675284,403.46307373046875,67820600,0.0,0.0,0.0
2022-08-04 00:00:00-04:00,403.3852014898782,404.08611574744685,401.50637219825967,403.1905212402344,45656600,0.0,0.0,0.0
2022-08-05 00:00:00-04:00,398.80003755824566,403.1709994732434,398.7416305172685,402.509033203125,56814900,0.0,0.0,0.0
2022-08-08 00:00:00-04:00,404.24184562371755,406.54901287306393,400.9124957379012,402.041748046875,53886100,0.0,0.0,0.0
2022-08-09 00:00:00-04:00,401.29215271280816,401.80810135782633,399.3451722095601,400.4452209472656,44931800,0.0,0.0,0.0
2022-08-10 00:00:00-04:00,407.6782861708589,409.00224849072276,405.67289843349886,408.856201171875,68665700,0.0,0.0,0.0
2022-08-11 00:00:00-04:00,411.77667221174704,413.68473468129883,408.096879889851,408.856201171875,59489700,0.0,0.0,0.0
2022-08-12 00:00:00-04:00,410.84207689149804,415.8847491075877,409.86858667023455,415.7776794433594,61694500,0.0,0.0,0.0
2022-08-15 00:00:00-04:00,413.50948637256374,418.026495868672,413.45107932809407,417.4910583496094,54048300,0.0,0.0,0.0
2022-08-16 00:00:00-04:00,416.3909998537798,420.2849608961074,415.5635271905722,418.30877685546875,59289000,0.0,0.0,0.0
2022-08-17 00:00:00-04:00,414.6192568124338,418.11408342081853,413.2855798561734,415.3396301269531,63563400,0.0,0.0,0.0
2022-08-18 00:00:00-04:00,415.5440294625642,417.24763738205695,414.2200969966693,416.5467529296875,49023200,0.0,0.0,0.0
2022-08-19 00:00:00-04:00,413.71389697629957,413.9864730578491,410.05356413100793,410.9491882324219,68016900,0.0,0.0,0.0
2022-08-22 00:00:00-04:00,405.9941389043413,406.1693897459911,401.467414714984,402.3922424316406,77695600,0.0,0.0,0.0
2022-08-23 00:00:00-04:00,401.9541394717505,404.40735404454983,400.8540906778926,401.4187316894531,49105200,0.0,0.0,0.0
2022-08-24 00:00:00-04:00,401.1850631898505,404.10553401644995,400.4841787116896,402.7037353515625,49177800,0.0,0.0,0.0
2022-08-25 00:00:00-04:00,404.23206330828236,408.4375481248824,403.11255551399347,408.3888854980469,50942300,0.0,0.0,0.0
2022-08-26 00:00:00-04:00,408.27212932232294,408.82699623947303,394.50696160843324,394.56536865234375,103087000,0.0,0.0,0.0
2022-08-29 00:00:00-04:00,391.5378271817054,395.08131657583044,390.56433684033726,391.9564208984375,65370800,0.0,0.0,0.0
2022-08-30 00:00:00-04:00,393.1440640110229,393.38743658627936,385.50215920625635,387.653564453125,85652400,0.0,0.0,0.0
2022-08-31 00:00:00-04:00,389.3279359598113,390.6032057693781,384.5675842397364,384.703857421875,76029700,0.0,0.0,0.0
2022-09-01 00:00:00-04:00,382.4746216582802,386.26148351079763,379.70016833667745,385.9110412597656,78740100,0.0,0.0,0.0
2022-09-02 00:00:00-04:00,389.66866661321535,390.914732914595,379.9824269776525,381.841796875,99632100,0.0,0.0,0.0
2022-09-06 00:00:00-04:00,382.7081984628254,383.67194423238675,378.12306804245577,380.4010314941406,76637400,0.0,0.0,0.0
2022-09-07 00:00:00-04:00,380.07976552020153,388.0234489889918,379.8558817912962,387.23492431640625,70964200,0.0,0.0,0.0
2022-09-08 00:00:00-04:00,384.90831500391096,390.23327802386143,383.67196340249245,389.7660217285156,80821700,0.0,0.0,0.0
2022-09-09 00:00:00-04:00,392.0634487097344,396.70701615568464,391.7908726316008,395.8211364746094,76706900,0.0,0.0,0.0
2022-09-12 00:00:00-04:00,397.9433408536552,400.81514895760034,397.6318168454417,400.0752868652344,69256300,0.0,0.0,0.0
2022-09-13 00:00:00-04:00,391.1775980198602,392.4139497264876,381.5303351956312,382.6790466308594,122947100,0.0,0.0,0.0
2022-09-14 00:00:00-04:00,384.0127237329054,385.6968726641089,380.7515252530414,384.1392822265625,85023700,0.0,0.0,0.0
2022-09-15 00:00:00-04:00,382.5427239076077,385.4631946849846,378.4735417545182,379.77801513671875,87633800,0.0,0.0,0.0
2022-09-16 00:00:00-04:00,375.4926889268697,377.55517667363466,373.50835735448317,376.8807067871094,103084800,1.596,0.0,0.0
2022-09-19 00:00:00-04:00,373.6550503728242,379.8034362792969,373.5768345276601,379.8034362792969,73278500,0.0,0.0,0.0
2022-09-20 00:00:00-04:00,376.3919828404663,377.42811898915687,372.61888890855596,375.4438171386719,77274900,0.0,0.0,0.0
2022-09-21 00:00:00-04:00,377.4183614942843,380.54633903892034,368.88489939955844,368.8946838378906,106746600,0.0,0.0,0.0
2022-09-22 00:00:00-04:00,368.10288076980356,369.78416343708335,365.033580102337,365.7960205078125,89472600,0.0,0.0,0.0
2022-09-23 00:00:00-04:00,362.23791618290477,362.27702410148413,355.1120417554437,359.6671447753906,122346900,0.0,0.0,0.0
2022-09-26 00:00:00-04:00,358.16180300519017,361.8762498426801,354.8578849055336,356.10906982421875,92581200,0.0,0.0,0.0
2022-09-27 00:00:00-04:00,359.7356081669981,362.06203751735376,352.74656550756094,355.2000732421875,108294100,0.0,0.0,0.0
2022-09-28 00:00:00-04:00,356.17753405401595,363.91923212989315,354.43760439999164,362.1890869140625,110802200,0.0,0.0,0.0
2022-09-29 00:00:00-04:00,358.5527865923987,358.84602140014266,351.60285317345847,354.623291015625,112952300,0.0,0.0,0.0
2022-09-30 00:00:00-04:00,353.6556136729956,357.6731101723002,349.0027849310499,349.1396179199219,153711200,0.0,0.0,0.0
2022-10-03 00:00:00-04:00,352.9517857443662,360.25363123125834,351.1238857208558,358.3572998046875,89756500,0.0,0.0,0.0
2022-10-04 00:00:00-04:00,364.01698666572133,369.4909323706669,358.31823752737506,369.46160888671875,103602800,0.0,0.0,0.0
2022-10-05 00:00:00-04:00,364.9847176619141,370.91805461274834,362.5996415558765,368.6014099121094,88065700,0.0,0.0,0.0
2022-10-06 00:00:00-04:00,367.1644878674774,370.1947103481211,364.2906672382234,364.7989807128906,82333500,0.0,0.0,0.0
2022-10-07 00:00:00-04:00,360.66416669995806,364.88692691507674,352.8149301529347,354.623291015625,107789500,0.0,0.0,0.0
2022-10-10 00:00:00-04:00,355.76692837910446,356.01130065678035,349.6185433508112,351.9156188964844,76042800,0.0,0.0,0.0
2022-10-11 00:00:00-04:00,350.1757258072363,354.8579074859023,347.7026792937745,349.6869812011719,92482800,0.0,0.0,0.0
2022-10-12 00:00:00-04:00,350.1073119063881,351.72016308349157,348.27938208636164,348.5335388183594,76991800,0.0,0.0,0.0
2022-10-13 00:00:00-04:00,341.34899160448634,359.23706167550654,340.27374752962675,357.7317199707031,147254500,0.0,0.0,0.0
2022-10-14 00:00:00-04:00,360.25363314465216,361.9251611566207,348.9245368832143,349.5794677734375,123737000,0.0,0.0,0.0
2022-10-17 00:00:00-04:00,355.81584931744595,359.6964825919136,349.2373363349103,358.5625915527344,93168200,0.0,0.0,0.0
2022-10-18 00:00:00-04:00,366.68553055376594,366.9983342589745,359.24682218552937,362.77557373046875,97162900,0.0,0.0,0.0
2022-10-19 00:00:00-04:00,360.6837331150814,363.4793677603323,357.32116785496873,360.20477294921875,79746900,0.0,0.0,0.0
2022-10-20 00:00:00-04:00,359.7453737964929,364.28093831476565,356.402347377369,357.1843566894531,88283100,0.0,0.0,0.0
2022-10-21 00:00:00-04:00,356.9008518310171,366.3629401250189,355.3564320209155,365.86444091796875,131038400,0.0,0.0,0.0
2022-10-24 00:00:00-04:00,367.42844030290934,371.50455367932216,364.7109916111623,370.3413391113281,85436900,0.0,0.0,0.0
2022-10-25 00:00:00-04:00,370.26317390979085,376.577746326248,370.145879968712,376.25518798828125,78846300,0.0,0.0,0.0
2022-10-26 00:00:00-04:00,373.0294204458141,378.8552476739369,372.76550910315547,373.42041015625,104087300,0.0,0.0,0.0
2022-10-27 00:00:00-04:00,374.4467684001418,376.3333152627642,370.79093876706634,371.42633056640625,81971800,0.0,0.0,0.0
2022-10-28 00:00:00-04:00,371.3188274500018,380.7515925133147,371.1331021106423,380.2628479003906,100302000,0.0,0.0,0.0
2022-10-31 00:00:00-04:00,377.7409160110564,379.6567864254484,376.5874859535573,377.5160827636719,96631300,0.0,0.0,0.0
2022-11-01 00:00:00-04:00,381.3576810572358,381.60205337662023,374.66187353998174,375.8641662597656,85407600,0.0,0.0,0.0
2022-11-02 00:00:00-04:00,375.25809211312895,379.8816266966753,366.3238564751482,366.4313659667969,126990400,0.0,0.0,0.0
2022-11-03 00:00:00-04:00,363.1079313782923,365.7764877586947,360.4882673585489,362.6582946777344,87100100,0.0,0.0,0.0
2022-11-04 00:00:00-04:00,368.5134137464274,370.34131370484624,361.6709896185096,367.8780517578125,103505200,0.0,0.0,0.0
2022-11-07 00:00:00-05:00,369.2074679349638,372.00310279024353,367.0765484619541,371.3970642089844,68286900,0.0,0.0,0.0
2022-11-08 00:00:00-05:00,372.53089918906153,376.45064047415843,369.2172262729853,373.40087890625,84641100,0.0,0.0,0.0
2022-11-09 00:00:00-05:00,371.3775257261929,372.5603093309158,365.19978580597893,365.7080993652344,78495500,0.0,0.0,0.0
2022-11-10 00:00:00-05:00,379.31469383822395,386.14736402210883,376.9589709823224,385.80523681640625,141455800,0.0,0.0,0.0
2022-11-11 00:00:00-05:00,386.6849639063304,390.3603329853459,384.74952447694585,389.53924560546875,93839900,0.0,0.0,0.0
2022-11-14 00:00:00-05:00,387.7308666111078,391.1716178291085,385.94204468399795,386.22552490234375,71903500,0.0,0.0,0.0
2022-11-15 00:00:00-05:00,392.1197473943442,393.2536383326056,385.6096663938054,389.5196228027344,93194500,0.0,0.0,0.0
2022-11-16 00:00:00-05:00,387.8481737653693,388.8256629910324,385.902979752093,386.5481262207031,68508500,0.0,0.0,0.0
2022-11-17 00:00:00-05:00,381.67044823450266,386.05939529817977,381.35767434245787,385.3653564453125,74496300,0.0,0.0,0.0
2022-11-18 00:00:00-05:00,388.7865188194193,388.85495021818014,384.19233778552143,387.1150207519531,92922500,0.0,0.0,0.0
2022-11-21 00:00:00-05:00,385.7563813757307,386.9098115596028,383.82094187436496,385.7074890136719,51243200,0.0,0.0,0.0
2022-11-22 00:00:00-05:00,387.7015095405904,391.0640744573585,386.25481492225055,390.89788818359375,60429000,0.0,0.0,0.0
2022-11-23 00:00:00-05:00,390.55578707096686,393.85970524802,390.321199215281,393.3612060546875,68261600,0.0,0.0,0.0
2022-11-25 00:00:00-05:00,392.784479268047,393.84018432842225,392.501028872916,393.2732238769531,30545400,0.0,0.0,0.0
2022-11-28 00:00:00-05:00,390.1061501070995,391.7874326763071,386.2157324631907,386.99774169921875,67881600,0.0,0.0,0.0
2022-11-29 00:00:00-05:00,387.13458732370214,388.3564488287392,384.44649201262064,386.33306884765625,52310000,0.0,0.0,0.0
2022-11-30 00:00:00-05:00,386.5872113528792,398.5028076171875,384.62247825832196,398.5028076171875,144566700,0.0,0.0,0.0
2022-12-01 00:00:00-05:00,399.5682587162568,400.7705811988708,395.6387627810804,398.2095642089844,76398200,0.0,0.0,0.0
2022-12-02 00:00:00-05:00,393.194988786622,398.678688295387,393.0874793047716,397.7500915527344,85342700,0.0,0.0,0.0
2022-12-05 00:00:00-05:00,394.85677813355926,395.81469846734086,389.206891695533,390.59490966796875,77289800,0.0,0.0,0.0
2022-12-06 00:00:00-05:00,390.42876012091807,390.9859063089737,382.8238951291124,384.9645690917969,77972200,0.0,0.0,0.0
2022-12-07 00:00:00-05:00,384.09464354604194,386.73387655817146,383.14647774263597,384.3096923828125,65927900,0.0,0.0,0.0
2022-12-08 00:00:00-05:00,386.24506780763073,388.4150650313297,384.41713808316416,387.3202819824219,60737900,0.0,0.0,0.0
2022-12-09 00:00:00-05:00,386.0496071718604,388.66927120516453,384.29989306002165,384.4269714355469,81447700,0.0,0.0,0.0
2022-12-12 00:00:00-05:00,385.2382859834483,389.9693603515625,384.554061385525,389.9693603515625,75405800,0.0,0.0,0.0
2022-12-13 00:00:00-05:00,400.9856425380019,401.2495538972805,390.0866433337404,392.9213562011719,123782500,0.0,0.0,0.0
2022-12-14 00:00:00-05:00,392.56942246235855,396.3718697609994,387.38874164556574,390.4091796875,108111300,0.0,0.0,0.0
2022-12-15 00:00:00-05:00,385.42398882719294,386.3526155215989,379.15830915657216,380.859130859375,117705900,0.0,0.0,0.0
2022-12-16 00:00:00-05:00,378.23822167345816,379.6129846721316,374.17284895112505,376.3626403808594,119858000,1.781,0.0,0.0
2022-12-19 00:00:00-05:00,376.55903910877686,376.9027373422827,371.4625717812496,373.17120361328125,79878100,0.0,0.0,0.0
2022-12-20 00:00:00-05:00,372.39546567979215,375.34139918894067,371.04033147077024,373.6818542480469,74427200,0.0,0.0,0.0
2022-12-21 00:00:00-05:00,376.3430431135941,380.4280749141471,375.7931378680954,379.26934814453125,78167400,0.0,0.0,0.0
2022-12-22 00:00:00-05:00,376.1466379929693,379.2496918799997,368.01586184711095,373.858642578125,100120900,0.0,0.0,0.0
2022-12-23 00:00:00-05:00,372.80786752323326,376.15641543303263,371.21706827459326,376.0091247558594,59857300,0.0,0.0,0.0
2022-12-27 00:00:00-05:00,375.891330860672,376.244828522232,372.80790585276804,374.5263671875,51638200,0.0,0.0,0.0
2022-12-28 00:00:00-05:00,374.45758472293454,376.4804865796669,369.63610005218413,369.87176513671875,70911500,0.0,0.0,0.0
2022-12-29 00:00:00-05:00,372.78826871201215,377.4232055208865,372.2481628955291,376.52960205078125,66970900,0.0,0.0,0.0
2022-12-30 00:00:00-05:00,373.78006199259806,375.6850714452225,371.6098693744956,375.53778076171875,84022200,0.0,0.0,0.0
2023-01-03 00:00:00-05:00,377.44285786166233,379.46573003061667,371.02071371151237,373.95684814453125,74850700,0.0,0.0,0.0
2023-01-04 00:00:00-05:00,376.274277599376,378.925629867577,373.15159512711205,376.8438415527344,85934100,0.0,0.0,0.0
2023-01-05 00:00:00-05:00,374.84057966036266,374.9584122055244,371.93393366522736,372.5427551269531,76970500,0.0,0.0,0.0
2023-01-06 00:00:00-05:00,375.71451764985625,382.2348647300125,372.5722066204237,381.0859375,104189600,0.0,0.0,0.0
2023-01-09 00:00:00-05:00,383.3346774867047,386.6046804150222,380.6833553484963,380.8699035644531,73978100,0.0,0.0,0.0
2023-01-10 00:00:00-05:00,380.2709205162314,383.6096391960653,379.3085714396994,383.5408935546875,65358100,0.0,0.0,0.0
2023-01-11 00:00:00-05:00,385.16116034244504,388.47042070837244,384.32647322529925,388.391845703125,68881100,0.0,0.0,0.0
2023-01-12 00:00:00-05:00,389.5211562111337,391.308333073519,385.34775046364103,389.805908203125,90157700,0.0,0.0,0.0
2023-01-13 00:00:00-05:00,386.52611952943437,391.9073689776324,386.2511669279986,391.31817626953125,63903900,0.0,0.0,0.0
2023-01-17 00:00:00-05:00,391.29854420909624,393.01700544551045,389.9041224772395,390.601318359375,62677300,0.0,0.0,0.0
2023-01-18 00:00:00-05:00,391.81897098402044,392.9089519559565,384.22827181299635,384.4344787597656,99632300,0.0,0.0,0.0
2023-01-19 00:00:00-05:00,382.3428900747494,384.03189321425265,380.2807605164467,381.6358947753906,86958900,0.0,0.0,0.0
2023-01-20 00:00:00-05:00,383.0695912048418,388.9025424260255,381.38058798982587,388.74542236328125,91806400,0.0,0.0,0.0
2023-01-23 00:00:00-05:00,389.5702228375345,395.393343832243,388.58824506570846,393.4097595214844,84178800,0.0,0.0,0.0
2023-01-24 00:00:00-05:00,391.691300452792,393.92037921807105,390.47365759903755,392.9875183105469,59524900,0.0,0.0,0.0
2023-01-25 00:00:00-05:00,388.81413024095133,393.47852489104883,386.4671888641458,393.13482666015625,84800300,0.0,0.0,0.0
2023-01-26 00:00:00-05:00,395.8647061666454,397.6224547789752,392.8205690634304,397.45550537109375,72287400,0.0,0.0,0.0
2023-01-27 00:00:00-05:00,396.38518990845574,400.80409031574294,396.1691535787294,398.3687744140625,68346200,0.0,0.0,0.0
2023-01-30 00:00:00-05:00,395.5406459460245,397.8286710024099,393.0660726777726,393.3704833984375,74202000,0.0,0.0,0.0
2023-01-31 00:00:00-05:00,393.9008006580636,399.2034753358037,393.5472730301677,399.1543884277344,86811800,0.0,0.0,0.0
2023-02-01 00:00:00-05:00,397.9072619520357,406.2148166771933,395.0988195037716,403.3965148925781,101459200,0.0,0.0,0.0
2023-02-02 00:00:00-05:00,407.3832967090924,410.77113211432186,405.4389998396427,409.2687072753906,101654500,0.0,0.0,0.0
2023-02-03 00:00:00-05:00,404.17226633365885,409.4553120483739,403.68127740058253,404.9185791015625,94736800,0.0,0.0,0.0
2023-02-06 00:00:00-05:00,402.40471218916116,403.87767896652844,400.7451672225871,402.4439697265625,60295300,0.0,0.0,0.0
2023-02-07 00:00:00-05:00,401.501290081329,408.98395671497946,400.22473082728703,407.7073974609375,90990700,0.0,0.0,0.0
2023-02-08 00:00:00-05:00,405.68449174835354,407.0592546695487,402.5421508134068,403.2491760253906,76227500,0.0,0.0,0.0
2023-02-09 00:00:00-05:00,406.9414730105012,407.0985930736524,398.49645691355045,399.7533874511719,78694900,0.0,0.0,0.0
2023-02-10 00:00:00-05:00,398.5455446536154,401.0790644717781,397.71088739479177,400.686279296875,70769700,0.0,0.0,0.0
2023-02-13 00:00:00-05:00,401.3540083128928,405.52741438608547,400.88264813276555,405.3899230957031,64913500,0.0,0.0,0.0
2023-02-14 00:00:00-05:00,403.8285457125357,407.5698787778788,401.147765465725,405.2033386230469,88389300,0.0,0.0,0.0
2023-02-15 00:00:00-05:00,402.954641465192,406.59777112130035,402.09049610935676,406.51922607421875,61555700,0.0,0.0,0.0
2023-02-16 00:00:00-05:00,401.42272379836163,405.4684676458305,400.7844442051108,400.9219055175781,76431500,0.0,0.0,0.0
2023-02-17 00:00:00-05:00,398.74190273988114,400.1657825357339,396.7681177738912,399.9202880859375,89257800,0.0,0.0,0.0
2023-02-21 00:00:00-05:00,395.79597509074625,396.87615667905544,391.6323987513559,391.89752197265625,82655900,0.0,0.0,0.0
2023-02-22 00:00:00-05:00,392.31977148582234,393.90077137378586,389.86482691312165,391.3574523925781,83742300,0.0,0.0,0.0
2023-02-23 00:00:00-05:00,394.322982966023,394.95146311057977,389.10868350995867,393.439208984375,96242400,0.0,0.0,0.0
2023-02-24 00:00:00-05:00,388.293698804951,390.0907051040221,386.54577941187307,389.23638916015625,108194400,0.0,0.0,0.0
2023-02-27 00:00:00-05:00,392.6634591508554,394.0578808163555,389.5996932014008,390.5620422363281,80444700,0.0,0.0,0.0
2023-02-28 00:00:00-05:00,390.07108052468436,392.08412317340117,389.01052764204985,389.1185607910156,96438600,0.0,0.0,0.0
2023-03-01 00:00:00-05:00,388.2838538532452,389.54078426560153,386.29044007503353,387.62591552734375,99706800,0.0,0.0,0.0
2023-03-02 00:00:00-05:00,385.6030133430319,391.50470917442476,385.2593151390963,390.64056396484375,85127800,0.0,0.0,0.0
2023-03-03 00:00:00-05:00,392.5063378012839,397.16093294832643,391.8386000899223,396.9056091308594,90120000,0.0,0.0,0.0
2023-03-06 00:00:00-05:00,397.750075901811,400.10684647736645,396.7288406178252,397.1805419921875,72795900,0.0,0.0,0.0
2023-03-07 00:00:00-05:00,397.13147256230855,397.37696701076345,390.4638349513491,391.09228515625,108310600,0.0,0.0,0.0
2023-03-08 00:00:00-05:00,391.21017427047394,392.50636227110584,389.44259614083506,391.7306213378906,74746600,0.0,0.0,0.0
2023-03-09 00:00:00-05:00,392.535806281727,394.24446807564556,383.4917989019619,384.50323486328125,111945300,0.0,0.0,0.0
2023-03-10 00:00:00-05:00,383.9434815300199,386.0743864923485,377.3937065377342,378.9550476074219,189253000,0.0,0.0,0.0
2023-03-13 00:00:00-04:00,374.928938335484,383.3543245720027,373.789840500747,378.4149475097656,157790000,0.0,0.0,0.0
2023-03-14 00:00:00-04:00,383.46235298132024,386.35919964516614,380.0745173892012,384.6701965332031,149752400,0.0,0.0,0.0
2023-03-15 00:00:00-04:00,378.93545387229676,382.4705502230775,376.794719344661,382.26434326171875,172996900,0.0,0.0,0.0
2023-03-16 00:00:00-04:00,379.8486397032763,389.3247189787006,379.3281926954989,388.97119140625,143254200,0.0,0.0,0.0
2023-03-17 00:00:00-04:00,387.60700004326753,388.7701489668033,383.00364851164,384.423095703125,140553400,1.506,0.0,0.0
2023-03-20 00:00:00-04:00,385.2215323517163,388.5434527192694,384.50197195370606,388.11956787109375,93055800,0.0,0.0,0.0
2023-03-21 00:00:00-04:00,391.56961486091114,393.70865257873913,389.933306808803,393.2157897949219,91524200,0.0,0.0,0.0
2023-03-22 00:00:00-04:00,393.03837659605165,396.7446843706572,386.4734405356732,386.5128479003906,111746600,0.0,0.0,0.0
2023-03-23 00:00:00-04:00,389.4502848576074,393.5903439975378,384.77795560576556,387.5577087402344,119351300,0.0,0.0,0.0
2023-03-24 00:00:00-04:00,386.2466703404379,390.18957227949744,383.8414977510552,390.1008605957031,107682400,0.0,0.0,0.0
2023-03-27 00:00:00-04:00,392.4370597604797,393.22565826695046,389.91360470368755,390.830322265625,74010400,0.0,0.0,0.0
2023-03-28 00:00:00-04:00,390.12058994480594,390.8303135438128,388.07029403765085,389.9530334472656,62871700,0.0,0.0,0.0
2023-03-29 00:00:00-04:00,394.22119769580877,395.8673725406728,392.98904080299167,395.6209411621094,77497900,0.0,0.0,0.0
2023-03-30 00:00:00-04:00,398.3218563083625,398.5781545920138,396.025128883657,397.93743896484375,69840000,0.0,0.0,0.0
2023-03-31 00:00:00-04:00,398.8837108599566,403.8517761319645,398.7752654051571,403.54620361328125,112062600,0.0,0.0,0.0
2023-04-03 00:00:00-04:00,403.01392404779074,405.497941770173,402.60977293546614,405.0839538574219,67391100,0.0,0.0,0.0
2023-04-04 00:00:00-04:00,405.7443284961501,406.0400641975092,401.4268459611225,402.8364562988281,66601500,0.0,0.0,0.0
2023-04-05 00:00:00-04:00,402.08731079373695,402.8660423974728,400.08628914005334,401.78173828125,65200200,0.0,0.0,0.0
2023-04-06 00:00:00-04:00,400.96359087415146,403.63492890510827,399.88915358161654,403.34906005859375,63743300,0.0,0.0,0.0
2023-04-10 00:00:00-04:00,400.8058543345486,403.8419058963234,400.1750056206198,403.7630310058594,63681000,0.0,0.0,0.0
2023-04-11 00:00:00-04:00,404.40379072077604,405.3106414188932,403.0829220382435,403.8714904785156,59297900,0.0,0.0,0.0
2023-04-12 00:00:00-04:00,405.9907902182465,406.28652594170995,401.62403311424885,402.2253112792969,86420400,0.0,0.0,0.0
2023-04-13 00:00:00-04:00,403.33919142432137,407.93267630323345,402.1661755606399,407.5679626464844,85814800,0.0,0.0,0.0
2023-04-14 00:00:00-04:00,406.9173671410788,409.1648202208087,404.2066218435908,406.5723571777344,78161500,0.0,0.0,0.0
2023-04-17 00:00:00-04:00,406.4836536159061,408.050953682144,405.2219260736667,408.03125,66436400,0.0,0.0,0.0
2023-04-18 00:00:00-04:00,409.6478330624967,409.7858490863253,406.88781340550673,408.2973937988281,63560000,0.0,0.0,0.0
2023-04-19 00:00:00-04:00,406.3358176394703,409.15497848276436,406.27667650862907,408.2284240722656,55227300,0.0,0.0,0.0
2023-04-20 00:00:00-04:00,405.34019152023745,407.7946685744418,404.41360710461845,406.0006408691406,75840400,0.0,0.0,0.0
2023-04-21 00:00:00-04:00,406.30620367523477,406.789199552834,404.31504895835786,406.3160705566406,73457400,0.0,0.0,0.0
2023-04-24 00:00:00-04:00,406.10905042232065,407.1736508378472,404.73890758180096,406.73992919921875,64332100,0.0,0.0,0.0
2023-04-25 00:00:00-04:00,404.71918170797716,405.2909193709304,400.22427562180434,400.2834167480469,97766700,0.0,0.0,0.0
2023-04-26 00:00:00-04:00,400.91431019550384,402.018318035005,398.0162745758347,398.5879821777344,80447000,0.0,0.0,0.0
2023-04-27 00:00:00-04:00,401.19029253763415,406.7990732354416,400.9339942724407,406.5230712890625,92968400,0.0,0.0,0.0
2023-04-28 00:00:00-04:00,405.61623463150386,410.0027257693616,405.55709349956527,409.99285888671875,89335600,0.0,0.0,0.0
2023-05-01 00:00:00-04:00,409.539389459927,411.65869334497705,409.3422323200338,409.5788269042969,62122300,0.0,0.0,0.0
2023-05-02 00:00:00-04:00,408.84935789176103,408.89866221630615,401.99858366421984,404.9754638671875,103998500,0.0,0.0,0.0
2023-05-03 00:00:00-04:00,405.4880595687438,407.96224039722676,401.9493083514467,402.19573974609375,91531800,0.0,0.0,0.0
2023-05-04 00:00:00-04:00,401.12127876708803,401.45642183416464,397.97681195068776,399.34698486328125,94901900,0.0,0.0,0.0
2023-05-05 00:00:00-04:00,403.0730290338769,407.8143664142898,402.80689397097314,406.73992919921875,87844000,0.0,0.0,0.0
2023-05-08 00:00:00-04:00,407.07511639726766,407.3412514890215,405.40923766875574,406.848388671875,50046800,0.0,0.0,0.0
2023-05-09 00:00:00-04:00,405.26133560248536,406.2076236734882,404.82761396953504,405.0641784667969,49220100,0.0,0.0,0.0
2023-05-10 00:00:00-04:00,407.9720831920984,408.62266564539044,403.03358870871904,406.956787109375,96142900,0.0,0.0,0.0
2023-05-11 00:00:00-04:00,406.0696469355376,406.5427759407707,404.11789954308296,406.2470703125,70157100,0.0,0.0,0.0
2023-05-12 00:00:00-04:00,407.5186773492529,407.7355381773798,403.2307651142645,405.71478271484375,70439400,0.0,0.0,0.0
2023-05-15 00:00:00-04:00,406.33580083754913,407.52852036947337,404.3742165545227,407.1145324707031,54289400,0.0,0.0,0.0
2023-05-16 00:00:00-04:00,405.9808940122416,406.92721216062324,404.38402349953606,404.3938903808594,57705500,0.0,0.0,0.0
2023-05-17 00:00:00-04:00,406.46393156549703,409.92380774776217,404.7783493186522,409.3028259277344,87287000,0.0,0.0,0.0
2023-05-18 00:00:00-04:00,408.97751911968146,413.6794491817238,408.7508214987149,413.2457275390625,97177200,0.0,0.0,0.0
2023-05-19 00:00:00-04:00,414.1723324036259,414.71446944274743,411.39257903346333,412.6444396972656,103679700,0.0,0.0,0.0
2023-05-22 00:00:00-04:00,412.66412839591766,414.38914798177666,411.39253410682295,412.8119812011719,60745400,0.0,0.0,0.0
2023-05-23 00:00:00-04:00,411.1264175662563,412.74302197997935,407.7749565625848,408.1791076660156,86383500,0.0,0.0,0.0
2023-05-24 00:00:00-04:00,406.5329556913956,406.92723990579344,404.02920430293534,405.221923828125,89213700,0.0,0.0,0.0
2023-05-25 00:00:00-04:00,408.819790788148,410.21953425661525,406.52306357244225,408.7310791015625,90961600,0.0,0.0,0.0
2023-05-26 00:00:00-04:00,409.40138923349264,414.7637387602533,409.32254442366843,414.0244445800781,93830000,0.0,0.0,0.0
2023-05-30 00:00:00-04:00,416.00575772992977,416.5478947562501,412.76271220798355,414.1821594238281,72216000,0.0,0.0,0.0
2023-05-31 00:00:00-04:00,412.30929178876556,413.23587623465585,410.27869951337794,411.88543701171875,110811800,0.0,0.0,0.0
2023-06-01 00:00:00-04:00,412.12199988483366,416.88307123305987,410.8405686768237,415.79876708984375,88865000,0.0,0.0,0.0
2023-06-02 00:00:00-04:00,418.44051179842535,422.6199786622468,417.8983747582069,421.81170654296875,91366700,0.0,0.0,0.0
2023-06-05 00:00:00-04:00,422.1665363778218,423.48740500194305,420.2837969718259,421.0033874511719,65460200,0.0,0.0,0.0
2023-06-06 00:00:00-04:00,420.5795630955446,422.4622725557144,419.90924681233486,421.9201354980469,64022200,0.0,0.0,0.0
2023-06-07 00:00:00-04:00,422.3242478464482,423.4873967504345,420.02749051909706,420.4612121582031,85373300,0.0,0.0,0.0
2023-06-08 00:00:00-04:00,420.53021386549653,423.46768672599353,419.74164548727384,423.00439453125,61952800,0.0,0.0,0.0
2023-06-09 00:00:00-04:00,423.82253834174537,425.8235599543857,422.7481011292396,423.7633972167969,85742800,0.0,0.0,0.0
2023-06-12 00:00:00-04:00,424.76889308051625,427.6866324630529,424.0295988730454,427.6077575683594,76104300,0.0,0.0,0.0
2023-06-13 00:00:00-04:00,429.10610265751404,431.0873907835834,428.4259495437715,430.4269714355469,95899700,0.0,0.0,0.0
2023-06-14 00:00:00-04:00,430.7719271469516,432.7926524678166,427.40073256968384,430.9394836425781,100612100,0.0,0.0,0.0
2023-06-15 00:00:00-04:00,430.10161655083255,437.56356619363777,430.0030680612704,436.2821350097656,110303100,0.0,0.0,0.0
2023-06-16 00:00:00-04:00,438.318266722459,438.90200149427494,434.31126100334143,434.7960510253906,114121300,1.638,0.0,0.0
2023-06-20 00:00:00-04:00,432.80740653117937,433.7176257706048,430.4130764221368,432.5402526855469,76160400,0.0,0.0,0.0
2023-06-21 00:00:00-04:00,431.531089136593,432.3522671595462,429.72049380165106,430.32403564453125,76982300,0.0,0.0,0.0
2023-06-22 00:00:00-04:00,429.3445821041031,431.9862289863233,428.99829054972906,431.8774108886719,70637200,0.0,0.0,0.0
2023-06-23 00:00:00-04:00,428.3353385497815,430.4427378476524,427.8802289501367,428.61236572265625,92074500,0.0,0.0,0.0
2023-06-26 00:00:00-04:00,428.02867567704385,429.99754649726344,426.6138592604408,426.8612060546875,72823600,0.0,0.0,0.0
2023-06-27 00:00:00-04:00,427.7615493856011,432.1742077136641,427.2965362075211,431.541015625,72813700,0.0,0.0,0.0
2023-06-28 00:00:00-04:00,430.4328920826836,432.79754199904335,429.79969997128904,431.7586975097656,75636000,0.0,0.0,0.0
2023-06-29 00:00:00-04:00,431.33321185773434,433.6285972836969,430.91768616474945,433.46038818359375,67882300,0.0,0.0,0.0
2023-06-30 00:00:00-04:00,436.7550622882058,439.58469502075553,436.42854762294274,438.5755310058594,104921500,0.0,0.0,0.0
2023-07-03 00:00:00-04:00,438.2193771561269,439.3670396990326,437.93244642355035,439.08013916015625,32793400,0.0,0.0,0.0
2023-07-05 00:00:00-04:00,437.2200705163309,439.17906790469374,437.210166983041,438.4271240234375,58418400,0.0,0.0,0.0
2023-07-06 00:00:00-04:00,434.7565142657732,435.42929028055414,432.4215448935868,434.99395751953125,80658300,0.0,0.0,0.0
2023-07-07 00:00:00-04:00,433.9748893158144,437.94234143906203,433.64837464868504,433.8957214355469,86076100,0.0,0.0,0.0
2023-07-10 00:00:00-04:00,433.52965366939065,435.1720399598498,432.94591887476895,434.99395751953125,62443500,0.0,0.0,0.0
2023-07-11 00:00:00-04:00,435.7755735913408,438.2688182898119,434.7762829278155,437.76422119140625,64463800,0.0,0.0,0.0
2023-07-12 00:00:00-04:00,441.6525365900304,442.7309649412613,440.18823276413116,441.28643798828125,91924500,0.0,0.0,0.0
2023-07-13 00:00:00-04:00,443.14649312201993,445.60018409427164,442.7012870260887,444.78887939453125,72425200,0.0,0.0,0.0
2023-07-14 00:00:00-04:00,445.69914803221286,446.56978338852184,443.73024701090014,444.5118713378906,69761800,0.0,0.0,0.0
2023-07-17 00:00:00-04:00,444.3634542839682,447.1337262188419,444.313966810385,446.0552978515625,52680200,0.0,0.0,0.0
2023-07-18 00:00:00-04:00,445.71890998648246,450.03262345697186,445.27367369258997,449.3697509765625,80744400,0.0,0.0,0.0
2023-07-19 00:00:00-04:00,450.1810630956339,451.58597595986083,449.2905904931885,450.3690490722656,65891700,0.0,0.0,0.0
2023-07-20 00:00:00-04:00,449.34994330091024,450.27006603860184,446.64890570342783,447.38104248046875,70591600,0.0,0.0,0.0
2023-07-21 00:00:00-04:00,449.14215027469794,449.34994330091024,447.37116914138545,447.38104248046875,71245400,0.0,0.0,0.0
2023-07-24 00:00:00-04:00,448.55846092166126,450.2107507973276,447.4998093926768,449.3796691894531,54023400,0.0,0.0,0.0
2023-07-25 00:00:00-04:00,449.10261826578954,451.8926670185369,449.05313079318796,450.6064758300781,55191200,0.0,0.0,0.0
2023-07-26 00:00:00-04:00,449.6467796413322,452.14002439166904,448.5683512701814,450.6757507324219,71052900,0.0,0.0,0.0
2023-07-27 00:00:00-04:00,454.1484714362909,454.564027317851,446.75774833662973,447.6877746582031,92194400,0.0,0.0,0.0
2023-07-28 00:00:00-04:00,451.04179921804706,452.921628682807,447.68776243198573,452.0707702636719,80011800,0.0,0.0,0.0
2023-07-31 00:00:00-04:00,452.5555771265817,453.2976174845264,451.2099949101182,452.9315490722656,62040400,0.0,0.0,0.0
2023-08-01 00:00:00-04:00,451.4276439799982,452.3972542135991,450.6559232450745,451.63543701171875,55291500,0.0,0.0,0.0
2023-08-02 00:00:00-04:00,448.43972732622547,448.70685098793996,444.5811234662952,445.35284423828125,93933400,0.0,0.0,0.0
2023-08-03 00:00:00-04:00,443.28500995652126,446.0058245135503,442.6221073064905,444.0765075683594,64276100,0.0,0.0,0.0
2023-08-04 00:00:00-04:00,445.9365614400261,448.09341810307507,441.5337767031713,442.06805419921875,100052300,0.0,0.0,0.0
2023-08-07 00:00:00-04:00,443.94792237592566,446.08500235270134,443.23556238366706,445.92669677734375,58357500,0.0,0.0,0.0
2023-08-08 00:00:00-04:00,443.32458511092455,445.91680483133183,440.54440960843004,443.98748779296875,71361300,0.0,0.0,0.0
2023-08-09 00:00:00-04:00,444.2645062381988,444.43271533721577,440.23769333216705,441.0193176269531,78789600,0.0,0.0,0.0
2023-08-10 00:00:00-04:00,443.4334137203247,446.90617215778286,439.9804623491441,441.1776123046875,93005500,0.0,0.0,0.0
2023-08-11 00:00:00-04:00,439.25818606203086,441.9592236782814,438.64477089930745,440.92034912109375,68664600,0.0,0.0,0.0
2023-08-14 00:00:00-04:00,439.98046453663346,443.354248046875,439.6638534116053,443.354248046875,47867400,0.0,0.0,0.0
2023-08-15 00:00:00-04:00,441.53380053027706,441.89989914509266,437.6059322661326,438.189697265625,75707500,0.0,0.0,0.0
2023-08-16 00:00:00-04:00,437.76426166449914,439.466008893592,434.8653643513711,434.9742126464844,80107200,0.0,0.0,0.0
2023-08-17 00:00:00-04:00,436.47803960319436,436.7451632645047,431.1254514875859,431.65972900390625,95711300,0.0,0.0,0.0
2023-08-18 00:00:00-04:00,428.77070605309353,432.92614417693835,428.4145411706667,431.86749267578125,98758400,0.0,0.0,0.0
2023-08-21 00:00:00-04:00,432.9063262312781,435.4391548661088,430.70001225749996,434.6773376464844,68719000,0.0,0.0,0.0
2023-08-22 00:00:00-04:00,436.49784203839454,436.49784203839454,432.92616870345876,433.5,65062900,0.0,0.0,0.0
2023-08-23 00:00:00-04:00,434.58830383144635,438.96140830150057,434.439901798303,438.32818603515625,68441000,0.0,0.0,0.0
2023-08-24 00:00:00-04:00,439.9705644560977,440.4949384262974,432.22364633379664,432.25335693359375,88517300,0.0,0.0,0.0
2023-08-25 00:00:00-04:00,434.0243413207564,436.6165307845721,430.3834039088885,435.3006591796875,102325100,0.0,0.0,0.0
2023-08-28 00:00:00-04:00,437.5465650301246,438.69425775124046,435.30066706177973,438.0610656738281,61595400,0.0,0.0,0.0
2023-08-29 00:00:00-04:00,437.95223763103314,444.6800887009519,437.76425164771314,444.3931579589844,83081900,0.0,0.0,0.0
2023-08-30 00:00:00-04:00,444.7393995925969,446.8764793259386,444.01713614861967,446.2234802246094,69053900,0.0,0.0,0.0
2023-08-31 00:00:00-04:00,446.856686784205,448.0241563395131,445.38250963714137,445.57049560546875,66084600,0.0,0.0,0.0
2023-09-01 00:00:00-04:00,448.36057819421325,448.8552717583382,444.90759658490595,446.4015808105469,58875700,0.0,0.0,0.0
2023-09-05 00:00:00-04:00,445.94646685999174,446.27295132391964,444.4030253703897,444.4722595214844,55166200,0.0,0.0,0.0
2023-09-06 00:00:00-04:00,443.64120126788845,443.7500495573809,439.09991777798035,441.4843444824219,70758500,0.0,0.0,0.0
2023-09-07 00:00:00-04:00,438.40732157528873,440.8214286149335,438.0511566974884,440.1288757324219,70355400,0.0,0.0,0.0
2023-09-08 00:00:00-04:00,440.1783328506441,442.3648699773153,439.8122644395837,440.791748046875,61659700,0.0,0.0,0.0
2023-09-11 00:00:00-04:00,443.4828807898152,444.0072547648699,441.7316764264136,443.690673828125,60180100,0.0,0.0,0.0
2023-09-12 00:00:00-04:00,442.2065777430648,443.769796080506,440.6631362779514,441.2567443847656,67565400,0.0,0.0,0.0
2023-09-13 00:00:00-04:00,441.4843705188933,442.9585478280744,440.3564545848901,441.77130126953125,60199300,0.0,0.0,0.0
2023-09-14 00:00:00-04:00,444.3040956141105,446.2927432579997,442.9684169201135,445.58038330078125,83430800,0.0,0.0,0.0
2023-09-15 00:00:00-04:00,443.9550493367659,444.2926238906363,439.7651070619474,440.2118835449219,111761400,1.583,0.0,0.0
2023-09-18 00:00:00-04:00,439.8941765834274,441.8005139022245,439.40767651205164,440.4700622558594,55752200,0.0,0.0,0.0
2023-09-19 00:00:00-04:00,439.52679449107904,440.13246523289735,436.80632113656327,439.55657958984375,66514600,0.0,0.0,0.0
2023-09-20 00:00:00-04:00,440.84737017054334,441.2743000508197,435.30709899318225,435.515625,82562600,0.0,0.0,0.0
2023-09-21 00:00:00-04:00,432.59652773703823,432.864593623128,428.15836626611855,428.3172302246094,103976100,0.0,0.0,0.0
2023-09-22 00:00:00-04:00,429.3696957092013,431.0079367943151,426.9271963311884,427.3541564941406,100829700,0.0,0.0,0.0
2023-09-25 00:00:00-04:00,426.1130438610336,429.1909383818286,425.66623708210426,429.1512451171875,70874500,0.0,0.0,0.0
2023-09-26 00:00:00-04:00,426.0335927839862,426.75840390969756,421.9925760793492,422.8464660644531,96168400,0.0,0.0,0.0
2023-09-27 00:00:00-04:00,424.04785941428946,424.62374507651737,419.28206165204733,423.0152587890625,104705800,0.0,0.0,0.0
2023-09-28 00:00:00-04:00,422.44935733180455,427.18537016736457,421.8436865476865,425.4676818847656,92258300,0.0,0.0,0.0
2023-09-29 00:00:00-04:00,428.5952771608582,428.77398776934086,422.8762952877738,424.43511962890625,115078500,0.0,0.0,0.0
2023-10-02 00:00:00-04:00,423.5812087875851,425.5471162851256,421.43659069032367,424.26629638671875,83798600,0.0,0.0,0.0
2023-10-03 00:00:00-04:00,422.03232074337814,424.3258643281999,417.1870758420428,418.5870361328125,103760600,0.0,0.0,0.0
2023-10-04 00:00:00-04:00,419.0636448184289,422.3996973299278,417.5643907015446,421.63519287109375,87453000,0.0,0.0,0.0
2023-10-05 00:00:00-04:00,421.33730102477,422.3401165666372,418.17005103154304,421.476318359375,70142700,0.0,0.0,0.0
2023-10-06 00:00:00-04:00,418.96432132984404,428.05907855564806,417.6040846475272,426.48040771484375,113202700,0.0,0.0,0.0
2023-10-09 00:00:00-04:00,424.53434284967074,429.79660923542207,423.96842597646406,429.2108154296875,80374400,0.0,0.0,0.0
2023-10-10 00:00:00-04:00,429.8561843909188,434.1056968732294,429.44910117202755,431.4447937011719,78607300,0.0,0.0,0.0
2023-10-11 00:00:00-04:00,432.53697855431096,433.47025511795863,430.0944791615758,433.2121276855469,62451700,0.0,0.0,0.0
2023-10-12 00:00:00-04:00,433.8376494961553,434.22485579881277,428.1583914222839,430.5710754394531,81154200,0.0,0.0,0.0
2023-10-13 00:00:00-04:00,432.110018055981,433.341206218102,426.8179966428707,428.42645263671875,95143100,0.0,0.0,0.0
2023-10-16 00:00:00-04:00,430.72992431034584,434.0262833517162,430.4817050506078,432.9341125488281,75433200,0.0,0.0,0.0
2023-10-17 00:00:00-04:00,429.72711872094516,435.01917042878927,429.36969752277207,432.91424560546875,75324700,0.0,0.0,0.0
2023-10-18 00:00:00-04:00,431.09729147473803,432.0802300643549,426.0336124278514,427.1456298828125,93559800,0.0,0.0,0.0
2023-10-19 00:00:00-04:00,427.880371206702,429.7370464178226,422.69755186165725,423.3925476074219,121323000,0.0,0.0,0.0
2023-10-20 00:00:00-04:00,422.945769847972,423.5017785629913,418.08064814124936,418.18988037109375,123845800,0.0,0.0,0.0
2023-10-23 00:00:00-04:00,416.6211058580797,421.42665723031115,414.8240009016046,417.4650573730469,92035100,0.0,0.0,0.0
2023-10-24 00:00:00-04:00,419.6394878731832,421.7940444487014,417.74308903211335,420.6125183105469,78564200,0.0,0.0,0.0
2023-10-25 00:00:00-04:00,418.8848879482183,418.91467304591686,414.04955155367554,414.5757751464844,94223200,0.0,0.0,0.0
2023-10-26 00:00:00-04:00,413.4836644584654,414.3573708205767,408.6682046492564,409.6114196777344,115156800,0.0,0.0,0.0
2023-10-27 00:00:00-04:00,411.2397382858569,411.6468215029994,406.2951997827384,407.7547302246094,107367700,0.0,0.0,0.0
2023-10-30 00:00:00-04:00,410.61425195434447,413.7120236651194,409.2838002734452,412.6297912597656,86562700,0.0,0.0,0.0
2023-10-31 00:00:00-04:00,413.21556038772604,415.5488274982747,411.25959140146216,415.22119140625,79665200,0.0,0.0,0.0
2023-11-01 00:00:00-04:00,416.2140679824258,420.483427141467,415.6679674293932,419.6494140625,98068100,0.0,0.0,0.0
2023-11-02 00:00:00-04:00,423.5414927085146,427.85060591265426,423.5216460749292,427.6917419433594,94938900,0.0,0.0,0.0
2023-11-03 00:00:00-04:00,430.0548026115981,433.18235942363697,429.9257237402732,431.59375,100110800,0.0,0.0,0.0
2023-11-06 00:00:00-05:00,432.36817472141405,433.0433238504638,430.59091629917117,432.58660888671875,67831700,0.0,0.0,0.0
2023-11-07 00:00:00-05:00,432.5865912148529,434.4730514925815,431.4150036034448,433.8177490234375,64256100,0.0,0.0,0.0
2023-11-08 00:00:00-05:00,434.4333490472374,434.96951114809326,431.77244577665476,434.135498046875,61746000,0.0,0.0,0.0
2023-11-09 00:00:00-05:00,435.3070885130096,435.3468120800477,430.3129180401448,430.7497863769531,83174400,0.0,0.0,0.0
2023-11-10 00:00:00-05:00,432.8745319716506,437.78925501650474,430.7398221489241,437.4715270996094,89462200,0.0,0.0,0.0
2023-11-13 00:00:00-05:00,436.1014119144138,438.1864295477869,435.2971839014947,437.0545654296875,52236100,0.0,0.0,0.0
2023-11-14 00:00:00-05:00,443.14091499196314,446.85426565365105,442.91254235065867,445.53375244140625,97176900,0.0,0.0,0.0
2023-11-15 00:00:00-05:00,446.9038891019818,448.16486238900586,445.6032225478009,446.4769592285156,77327600,0.0,0.0,0.0
2023-11-16 00:00:00-05:00,446.020225264696,447.3506768627009,444.92805446030314,447.0230407714844,66665800,0.0,0.0,0.0
2023-11-17 00:00:00-05:00,447.0329399859816,448.20455789825206,446.08972499668664,447.57904052734375,83133200,0.0,0.0,0.0
2023-11-20 00:00:00-05:00,447.3209106029016,451.8881512407698,447.310972136015,451.02435302734375,69936200,0.0,0.0,0.0
2023-11-21 00:00:00-05:00,449.95202653502156,450.8952718783625,448.74071528893285,450.0413818359375,49244600,0.0,0.0,0.0
2023-11-22 00:00:00-05:00,451.7392373958995,453.12925928672007,450.6570049844677,451.7789306640625,59394900,0.0,0.0,0.0
2023-11-24 00:00:00-05:00,451.8285424483673,452.2554722851721,451.4909679052982,452.056884765625,29737400,0.0,0.0,0.0
2023-11-27 00:00:00-05:00,451.4115394624041,452.24555253866146,450.8455922784501,451.2427673339844,50506000,0.0,0.0,0.0
2023-11-28 00:00:00-05:00,450.8455931334274,453.0199962757301,450.2697377821348,451.6895446777344,62115000,0.0,0.0,0.0
2023-11-29 00:00:00-05:00,453.8937423909544,455.05542188445185,450.96477324103057,451.371826171875,63146000,0.0,0.0,0.0
2023-11-30 00:00:00-05:00,452.2356484536547,453.5065298623068,450.1108770281409,453.1490783691406,79752700,0.0,0.0,0.0
2023-12-01 00:00:00-05:00,452.5235669226183,456.37593476510654,451.91792645985555,455.8298645019531,89097900,0.0,0.0,0.0
2023-12-04 00:00:00-05:00,452.3548098404811,455.84972630138725,451.10377500665595,453.4370422363281,72430900,0.0,0.0,0.0
2023-12-05 00:00:00-05:00,452.0172046708369,454.33059480993194,451.62996808649876,453.34765625,69793500,0.0,0.0,0.0
2023-12-06 00:00:00-05:00,455.54192245225187,455.5717075521077,451.0739756726629,451.5207824707031,69124700,0.0,0.0,0.0
2023-12-07 00:00:00-05:00,453.6554594666545,455.6312751127859,453.03988053973137,454.966064453125,66995400,0.0,0.0,0.0
2023-12-08 00:00:00-05:00,454.2015238842704,457.4680978417932,453.9533046233687,456.9220275878906,83080900,0.0,0.0,0.0
2023-12-11 00:00:00-05:00,456.41564421928666,458.8779901610828,456.1972100607386,458.6992492675781,65002200,0.0,0.0,0.0
2023-12-12 00:00:00-05:00,458.34184293337773,460.893544254512,457.3191807716279,460.79425048828125,68327600,0.0,0.0,0.0
2023-12-13 00:00:00-05:00,461.1814503680032,467.4068088516134,460.8140907082449,467.1486511230469,93278000,0.0,0.0,0.0
2023-12-14 00:00:00-05:00,469.1343882234646,470.35563785643643,465.90753793409687,468.64788818359375,119026000,0.0,0.0,0.0
2023-12-15 00:00:00-05:00,468.03578980432025,469.2420638494176,465.9821728915292,467.87628173828125,141319300,1.906,0.0,0.0
2023-12-18 00:00:00-05:00,469.5211938448419,471.5149990293191,468.4345736700681,470.50811767578125,70375300,0.0,0.0,0.0
2023-12-19 00:00:00-05:00,471.0663895800652,473.4490014235278,470.9866507573251,473.3692321777344,55761800,0.0,0.0,0.0
2023-12-20 00:00:00-05:00,472.4919271481512,474.4259205415557,466.3709612713852,466.8096008300781,102921000,0.0,0.0,0.0
2023-12-21 00:00:00-05:00,469.8700882463631,471.5150018719156,467.38781051210105,471.2358703613281,86667500,0.0,0.0,0.0
2023-12-22 00:00:00-05:00,472.3922328650199,473.90754422821277,470.23895010594373,472.1828918457031,67126600,0.0,0.0,0.0
2023-12-26 00:00:00-05:00,472.60160411802894,475.10380885699834,472.5218348762867,474.17669677734375,55387000,0.0,0.0,0.0
2023-12-27 00:00:00-05:00,473.96736455620913,475.18358691941523,473.4190803070233,475.0340576171875,68000300,0.0,0.0,0.0
2023-12-28 00:00:00-05:00,475.4029149036689,476.0708226061572,474.78484016176515,475.2135009765625,77158100,0.0,0.0,0.0
2023-12-29 00:00:00-05:00,475.01410631167766,475.55244222979536,471.83398460945403,473.8377685546875,122234100,0.0,0.0,0.0
2024-01-02 00:00:00-05:00,470.69753210333175,472.20286475459176,469.0326913863774,471.1860046386719,123623700,0.0,0.0,0.0
2024-01-03 00:00:00-05:00,468.97288663505896,469.7305423526051,466.7199074283902,467.3379821777344,103585900,0.0,0.0,0.0
2024-01-04 00:00:00-05:00,466.84947129229306,469.5012358356659,465.60334305328627,465.8326416015625,84232200,0.0,0.0,0.0
2024-01-05 00:00:00-05:00,466.0419813728373,468.9828561781987,464.9852670628481,466.4706726074219,86060800,0.0,0.0,0.0
2024-01-08 00:00:00-05:00,466.9790720109255,473.27950366882885,466.84946980679274,473.1299743652344,74879100,0.0,0.0,0.0
2024-01-09 00:00:00-05:00,470.4084170004088,473.45893647072546,469.8900386095169,472.4122009277344,65931400,0.0,0.0,0.0
2024-01-10 00:00:00-05:00,472.6913327061571,475.97115072476413,472.40222243844886,475.0838928222656,67310600,0.0,0.0,0.0
2024-01-11 00:00:00-05:00,476.1106916797657,476.63904882153037,470.7972144021347,474.8745422363281,77940700,0.0,0.0,0.0
2024-01-12 00:00:00-05:00,476.35993238959253,477.11758809724193,473.75803121945904,475.2035217285156,57944000,0.0,0.0,0.0
2024-01-16 00:00:00-05:00,473.7879182200383,475.13371233140197,471.5947204289133,473.45892333984375,85014900,0.0,0.0,0.0
2024-01-17 00:00:00-05:00,470.3585725004575,471.3255691992222,468.4146003419657,470.8271179199219,68843900,0.0,0.0,0.0
2024-01-18 00:00:00-05:00,472.5418002011904,475.58234089144656,470.9567287547211,475.01409912109375,91856200,0.0,0.0,0.0
2024-01-19 00:00:00-05:00,476.1705063960121,481.22480972659673,475.0639591465627,480.9356994628906,110733300,0.0,0.0,0.0
2024-01-22 00:00:00-05:00,482.5108387075384,483.7170823389489,481.2846375533101,481.95257568359375,75844900,0.0,0.0,0.0
2024-01-23 00:00:00-05:00,482.51084193451334,483.60741046691857,481.39431587915686,483.3581848144531,49945300,0.0,0.0,0.0
2024-01-24 00:00:00-05:00,486.2990534099458,487.2560713846134,483.3781361022612,483.8865661621094,81765000,0.0,0.0,0.0
2024-01-25 00:00:00-05:00,486.0697532456493,486.7975030913426,483.8865645546748,486.51837158203125,72525000,0.0,0.0,0.0
2024-01-26 00:00:00-05:00,486.07973423842105,487.604993996848,485.03299867946146,485.9002990722656,76641600,0.0,0.0,0.0
2024-01-29 00:00:00-05:00,486.2193082901251,489.8978812592585,485.6610452768794,489.7483215332031,61322800,0.0,0.0,0.0
2024-01-30 00:00:00-05:00,489.0405424549511,490.097256788846,488.59192411074616,489.3695373535156,58618400,0.0,0.0,0.0
2024-01-31 00:00:00-05:00,487.10654963912725,487.5651163224101,481.36438085590265,481.38433837890625,126011100,0.0,0.0,0.0
2024-02-01 00:00:00-05:00,483.12890133412475,487.7146592783923,482.3014551573208,487.68475341796875,91891600,0.0,0.0,0.0
2024-02-02 00:00:00-05:00,488.13333241986845,494.51350271926435,487.7844104392578,492.81878662109375,99147700,0.0,0.0,0.0
2024-02-05 00:00:00-05:00,492.1708153314258,492.8487017834891,488.7115621660069,491.02435302734375,75757100,0.0,0.0,0.0
2024-02-06 00:00:00-05:00,491.991354076984,492.78889440089057,490.52590605629905,492.449951171875,55918600,0.0,0.0,0.0
2024-02-07 00:00:00-05:00,494.7527986736227,496.98585075683485,493.825656136349,496.55718994140625,70556500,0.0,0.0,0.0
2024-02-08 00:00:00-05:00,496.5571694784599,497.1652654348616,495.7197749817641,496.7764892578125,52343600,0.0,0.0,0.0
2024-02-09 00:00:00-05:00,497.2948771096548,500.09617091295434,496.94595512362076,499.6475830078125,63979400,0.0,0.0,0.0
2024-02-12 00:00:00-05:00,499.6176670932048,501.9404366612242,498.69052459513154,499.4282531738281,56502300,0.0,0.0,0.0
2024-02-13 00:00:00-05:00,492.9982399197589,495.5503081334182,489.2000434602483,492.54962158203125,113099200,0.0,0.0,0.0
2024-02-14 00:00:00-05:00,495.2512409439303,497.52417760806475,492.86862917607345,497.0257263183594,68387800,0.0,0.0,0.0
2024-02-15 00:00:00-05:00,497.7435018677007,500.6444920506353,497.25499891172166,500.455078125,61683000,0.0,0.0,0.0
2024-02-16 00:00:00-05:00,500.14604872701983,501.3124077370956,497.20517387522835,497.96282958984375,75461200,0.0,0.0,0.0
2024-02-20 00:00:00-05:00,496.1783619691402,496.8662271951548,492.9185014281102,495.2213439941406,71736700,0.0,0.0,0.0
2024-02-21 00:00:00-05:00,493.88548816646784,495.8294299381131,492.03123355294906,495.669921875,59603800,0.0,0.0,0.0
2024-02-22 00:00:00-05:00,502.44888972582777,506.9149939080911,501.461935463043,505.9280700683594,76402500,0.0,0.0,0.0
2024-02-23 00:00:00-05:00,507.6925621551322,508.54991418748676,505.52930060967225,506.2769775390625,61321800,0.0,0.0,0.0
2024-02-26 00:00:00-05:00,506.7255720308046,507.1741903634921,504.2931272883866,504.4227294921875,50386700,0.0,0.0,0.0
2024-02-27 00:00:00-05:00,505.130564634136,505.58913131626105,503.1865923754997,505.3598327636719,48854500,0.0,0.0,0.0
2024-02-28 00:00:00-05:00,503.76478250005385,505.2900422763557,503.39593340206073,504.6919250488281,56506600,0.0,0.0,0.0
2024-02-29 00:00:00-05:00,506.4963077652608,508.1611180587868,503.78473149517407,506.5062561035156,83924800,0.0,0.0,0.0
2024-03-01 00:00:00-05:00,507.4034968340581,511.7001141876807,506.98478435547435,511.261474609375,76805900,0.0,0.0,0.0
2024-03-04 00:00:00-05:00,510.44407347097683,512.6073351014394,510.4141371864949,510.71319580078125,49799300,0.0,0.0,0.0
2024-03-05 00:00:00-05:00,508.65955874396843,509.1181558318141,503.34608141986735,505.6090393066406,72855600,0.0,0.0,0.0
2024-03-06 00:00:00-05:00,508.9685914242323,510.4839027909057,506.8452145201814,508.17108154296875,68382400,0.0,0.0,0.0
2024-03-07 00:00:00-05:00,511.5505828651388,514.2920648441713,508.23088037725637,513.2153930664062,58652100,0.0,0.0,0.0
2024-03-08 00:00:00-05:00,513.8634155103261,516.6148154653498,509.5468103883809,510.1349792480469,86425500,0.0,0.0,0.0
2024-03-11 00:00:00-04:00,508.8988402025452,510.29449773051573,506.9249621410247,509.69635009765625,62557200,0.0,0.0,0.0
2024-03-12 00:00:00-04:00,511.8596188103099,515.7774384716747,509.2776144721463,515.1793212890625,73114400,0.0,0.0,0.0
2024-03-13 00:00:00-04:00,515.5083097850209,515.6877449587637,512.8964297348066,514.371826171875,55104100,0.0,0.0,0.0
2024-03-14 00:00:00-04:00,515.3686822450944,515.5282207269671,510.2346706184857,513.35498046875,110171800,0.0,0.0,0.0
2024-03-15 00:00:00-04:00,510.2099914550781,511.70001220703125,508.1199951171875,509.8299865722656,107585800,1.595,0.0,0.0
2024-03-18 00:00:00-04:00,514.0,515.47998046875,512.4400024414062,512.8599853515625,88893300,0.0,0.0,0.0
2024-03-19 00:00:00-04:00,512.1500244140625,516.0,511.1199951171875,515.7100219726562,60755300,0.0,0.0,0.0
2024-03-20 00:00:00-04:00,515.77001953125,520.6199951171875,515.0800170898438,520.47998046875,69594600,0.0,0.0,0.0
2024-03-21 00:00:00-04:00,523.3900146484375,524.1099853515625,521.9099731445312,522.2000122070312,60256100,0.0,0.0,0.0
2024-03-22 00:00:00-04:00,522.1099853515625,522.6099853515625,520.969970703125,521.2100219726562,79023000,0.0,0.0,0.0
2024-03-25 00:00:00-04:00,519.7999877929688,520.9500122070312,519.6099853515625,519.77001953125,48512100,0.0,0.0,0.0
2024-03-26 00:00:00-04:00,521.22998046875,521.5800170898438,518.4000244140625,518.8099975585938,65463700,0.0,0.0,0.0
2024-03-27 00:00:00-04:00,521.7100219726562,523.2100219726562,519.489990234375,523.1699829101562,82999800,0.0,0.0,0.0
2024-03-28 00:00:00-04:00,523.2100219726562,524.6099853515625,522.780029296875,523.0700073242188,96294900,0.0,0.0,0.0
2024-04-01 00:00:00-04:00,523.8300170898438,524.3800048828125,520.969970703125,522.1599731445312,62477500,0.0,0.0,0.0
2024-04-02 00:00:00-04:00,518.239990234375,518.97998046875,516.47998046875,518.8400268554688,74230300,0.0,0.0,0.0
2024-04-03 00:00:00-04:00,517.719970703125,520.9500122070312,517.6699829101562,519.4099731445312,59155800,0.0,0.0,0.0
2024-04-04 00:00:00-04:00,523.52001953125,523.8699951171875,512.760009765625,513.0700073242188,96858100,0.0,0.0,0.0
2024-04-05 00:00:00-04:00,514.4600219726562,520.4400024414062,514.010009765625,518.4299926757812,74482100,0.0,0.0,0.0
2024-04-08 00:00:00-04:00,519.1500244140625,520.1799926757812,517.8900146484375,518.719970703125,48401800,0.0,0.0,0.0
2024-04-09 00:00:00-04:00,520.5,520.75,514.3499755859375,519.3200073242188,68124400,0.0,0.0,0.0
2024-04-10 00:00:00-04:00,513.47998046875,516.1599731445312,512.0900268554688,514.1199951171875,82652800,0.0,0.0,0.0
2024-04-11 00:00:00-04:00,515.6799926757812,519.47998046875,512.0800170898438,518.0,70099000,0.0,0.0,0.0
2024-04-12 00:00:00-04:00,514.3699951171875,515.8200073242188,509.0799865722656,510.8500061035156,92469100,0.0,0.0,0.0
2024-04-15 00:00:00-04:00,515.1300048828125,515.2999877929688,503.5799865722656,504.45001220703125,92101400,0.0,0.0,0.0
2024-04-16 00:00:00-04:00,504.94000244140625,506.5,502.2099914550781,503.5299987792969,73484000,0.0,0.0,0.0
2024-04-17 00:00:00-04:00,506.04998779296875,506.2200012207031,499.1199951171875,500.54998779296875,75910300,0.0,0.0,0.0
2024-04-18 00:00:00-04:00,501.9800109863281,504.1300048828125,498.55999755859375,499.5199890136719,74548100,0.0,0.0,0.0
2024-04-19 00:00:00-04:00,499.44000244140625,500.4599914550781,493.8599853515625,495.1600036621094,102129100,0.0,0.0,0.0
2024-04-22 00:00:00-04:00,497.8299865722656,502.3800048828125,495.42999267578125,499.7200012207031,67961000,0.0,0.0,0.0
2024-04-23 00:00:00-04:00,501.7799987792969,506.0899963378906,499.5299987792969,505.6499938964844,64633600,0.0,0.0,0.0
2024-04-24 00:00:00-04:00,506.55999755859375,507.3699951171875,503.1300048828125,505.4100036621094,55928100,0.0,0.0,0.0
2024-04-25 00:00:00-04:00,499.17999267578125,504.2699890136719,497.489990234375,503.489990234375,69122400,0.0,0.0,0.0
2024-04-26 00:00:00-04:00,506.3500061035156,509.8800048828125,505.70001220703125,508.260009765625,64306100,0.0,0.0,0.0
2024-04-29 00:00:00-04:00,510.0899963378906,510.75,507.25,510.05999755859375,46415400,0.0,0.0,0.0
2024-04-30 00:00:00-04:00,508.55999755859375,509.55999755859375,501.9800109863281,501.9800109863281,77483600,0.0,0.0,0.0
2024-05-01 00:00:00-04:00,501.3800048828125,508.19000244140625,499.8699951171875,500.3500061035156,80242800,0.0,0.0,0.0
2024-05-02 00:00:00-04:00,504.1499938964844,505.8900146484375,499.54998779296875,505.0299987792969,62550200,0.0,0.0,0.0
2024-05-03 00:00:00-04:00,511.1600036621094,512.5499877929688,508.55999755859375,511.2900085449219,72756700,0.0,0.0,0.0
2024-05-06 00:00:00-04:00,513.75,516.6099853515625,513.2999877929688,516.5700073242188,47264700,0.0,0.0,0.0
2024-05-07 00:00:00-04:00,517.5599975585938,518.5700073242188,516.4500122070312,517.1400146484375,52561300,0.0,0.0,0.0
2024-05-08 00:00:00-04:00,515.260009765625,517.739990234375,515.1400146484375,517.1900024414062,42047200,0.0,0.0,0.0
2024-05-09 00:00:00-04:00,517.3800048828125,520.2100219726562,516.7100219726562,520.1699829101562,43643700,0.0,0.0,0.0
2024-05-10 00:00:00-04:00,521.8099975585938,522.6400146484375,519.5900268554688,520.8400268554688,52233200,0.0,0.0,0.0
2024-05-13 00:00:00-04:00,522.5599975585938,522.6699829101562,519.739990234375,520.9099731445312,36716400,0.0,0.0,0.0
2024-05-14 00:00:00-04:00,521.1099853515625,523.8300170898438,520.5599975585938,523.2999877929688,57535900,0.0,0.0,0.0
2024-05-15 00:00:00-04:00,525.8300170898438,530.0800170898438,525.1799926757812,529.780029296875,59504900,0.0,0.0,0.0
2024-05-16 00:00:00-04:00,529.8800048828125,531.52001953125,528.5399780273438,528.6900024414062,50244800,0.0,0.0,0.0
2024-05-17 00:00:00-04:00,528.8099975585938,529.52001953125,527.3200073242188,529.4500122070312,59187600,0.0,0.0,0.0
2024-05-20 00:00:00-04:00,529.5700073242188,531.5599975585938,529.1699829101562,530.0599975585938,37735600,0.0,0.0,0.0
