Date,Open,High,Low,Close,Volume,Dividends,Stock Splits
2024-10-07,571.2999877929688,571.9600219726562,566.6300048828125,567.7999877929688,49964700,0.0,0.0
2024-10-08,570.4199829101562,573.780029296875,569.530029296875,573.1699829101562,37398700,0.0,0.0
2024-10-09,573.1599731445312,577.7100219726562,572.5499877929688,577.1400146484375,37912200,0.0,0.0
2024-10-10,575.77001953125,577.5800170898438,574.489990234375,576.1300048828125,44138100,0.0,0.0
2024-10-11,576.0499877929688,580.3300170898438,575.9099731445312,579.5800170898438,42268000,0.0,0.0
2024-10-14,581.219970703125,585.27001953125,580.72998046875,584.3200073242188,36217200,0.0,0.0
2024-10-15,584.5900268554688,584.9000244140625,578.5399780273438,579.780029296875,54203600,0.0,0.0
2024-10-16,579.780029296875,582.8300170898438,578.9600219726562,582.2999877929688,30725400,0.0,0.0
2024-10-17,585.9099731445312,586.1199951171875,582.1599731445312,582.3499755859375,34393700,0.0,0.0
2024-10-18,584.0700073242188,585.3900146484375,582.5800170898438,584.5900268554688,37416800,0.0,0.0
2024-10-21,583.8499755859375,584.8499755859375,580.5999755859375,583.6300048828125,36439000,0.0,0.0
2024-10-22,581.0499877929688,584.5,580.3800048828125,583.3200073242188,34183800,0.0,0.0
2024-10-23,581.260009765625,581.7100219726562,574.4199829101562,577.989990234375,49314600,0.0,0.0
2024-10-24,579.97998046875,580.0599975585938,576.5700073242188,579.239990234375,34979900,0.0,0.0
2024-10-25,581.510009765625,584.4600219726562,578.0800170898438,579.0399780273438,47268200,0.0,0.0
2024-10-28,582.5800170898438,582.7100219726562,580.52001953125,580.8300170898438,30174700,0.0,0.0
2024-10-29,579.8499755859375,582.9099731445312,578.4299926757812,581.77001953125,42899700,0.0,0.0
2024-10-30,581.2899780273438,583.3200073242188,579.2899780273438,580.010009765625,41435800,0.0,0.0
2024-10-31,575.5599975585938,575.6300048828125,568.4400024414062,568.6400146484375,60182500,0.0,0.0
2024-11-01,571.3200073242188,575.5499877929688,570.6199951171875,571.0399780273438,45667500,0.0,0.0
2024-11-04,571.1799926757812,572.5,567.8900146484375,569.8099975585938,38217000,0.0,0.0
2024-11-05,570.739990234375,576.739990234375,570.52001953125,576.7000122070312,39478300,0.0,0.0
2024-11-06,589.2000122070312,591.9299926757812,585.3900146484375,591.0399780273438,68182000,0.0,0.0
2024-11-07,593.0800170898438,596.6500244140625,593.0,595.6099853515625,47233200,0.0,0.0
2024-11-08,596.1699829101562,599.6400146484375,596.1699829101562,598.1900024414062,46444900,0.0,0.0
2024-11-11,599.8099975585938,600.1699829101562,597.0,598.760009765625,37586800,0.0,0.0
2024-11-12,598.6799926757812,599.2899780273438,594.3699951171875,596.9000244140625,43006100,0.0,0.0
2024-11-13,597.3699951171875,599.22998046875,594.9600219726562,597.1900024414062,47388600,0.0,0.0
2024-11-14,597.3200073242188,597.8099975585938,592.6500244140625,593.3499755859375,38904100,0.0,0.0
2024-11-15,589.719970703125,590.2000122070312,583.8599853515625,585.75,75988800,0.0,0.0
2024-11-18,586.219970703125,589.489990234375,585.3400268554688,588.1500244140625,37001700,0.0,0.0
2024-11-19,584.7100219726562,591.0399780273438,584.030029296875,590.2999877929688,49412000,0.0,0.0
2024-11-20,590.3800048828125,590.7899780273438,584.6300048828125,590.5,50032600,0.0,0.0
2024-11-21,593.4000244140625,595.1199951171875,587.4500122070312,593.6699829101562,46750300,0.0,0.0
2024-11-22,593.6599731445312,596.1500244140625,593.1500244140625,595.510009765625,38226400,0.0,0.0
2024-11-25,599.52001953125,600.8599853515625,595.2000122070312,597.530029296875,42441400,0.0,0.0
2024-11-26,598.7999877929688,601.3300170898438,598.0700073242188,600.6500244140625,45621300,0.0,0.0
2024-11-27,600.4600219726562,600.8499755859375,597.280029296875,598.8300170898438,34000200,0.0,0.0
2024-11-29,599.6599731445312,603.3499755859375,599.3800048828125,602.5499877929688,30177400,0.0,0.0
2024-12-02,602.969970703125,604.3200073242188,602.469970703125,603.6300048828125,31746000,0.0,0.0
2024-12-03,603.3900146484375,604.1599731445312,602.3400268554688,603.9099731445312,26906600,0.0,0.0
2024-12-04,605.6300048828125,607.9099731445312,604.9500122070312,607.6599731445312,42787600,0.0,0.0
2024-12-05,607.6599731445312,608.47998046875,606.2999877929688,606.6599731445312,28762200,0.0,0.0
2024-12-06,607.4400024414062,609.0700073242188,607.02001953125,607.8099975585938,31241500,0.0,0.0
2024-12-09,607.6900024414062,607.8599853515625,604.0800170898438,604.6799926757812,34742700,0.0,0.0
2024-12-10,605.3699951171875,605.7999877929688,602.1300048828125,602.7999877929688,37234500,0.0,0.0
2024-12-11,605.780029296875,608.4299926757812,605.5,607.4600219726562,28677700,0.0,0.0
2024-12-12,606.5800170898438,607.1599731445312,604.3300170898438,604.3300170898438,31543800,0.0,0.0
2024-12-13,606.4000244140625,607.1300048828125,602.8099975585938,604.2100219726562,35904700,0.0,0.0
2024-12-16,606.0,607.780029296875,605.2100219726562,606.7899780273438,43695200,0.0,0.0
2024-12-17,604.1900024414062,605.1699829101562,602.8900146484375,604.2899780273438,55773500,0.0,0.0
2024-12-18,603.97998046875,606.4099731445312,585.8900146484375,586.280029296875,108248700,0.0,0.0
2024-12-19,591.3599853515625,593.0,585.8499755859375,586.0999755859375,85919500,0.0,0.0
2024-12-20,581.77001953125,595.75,580.9099731445312,591.1500244140625,125716700,1.966,0.0
2024-12-23,590.8900146484375,595.2999877929688,587.6599731445312,594.6900024414062,57635800,0.0,0.0
2024-12-24,596.0599975585938,601.3400268554688,595.469970703125,601.2999877929688,33160100,0.0,0.0
2024-12-26,599.5,602.47998046875,598.0800170898438,601.3400268554688,41219100,0.0,0.0
2024-12-27,597.5399780273438,597.780029296875,590.760009765625,595.010009765625,64969300,0.0,0.0
2024-12-30,587.8900146484375,591.739990234375,584.4099731445312,588.219970703125,56578800,0.0,0.0
2024-12-31,589.9099731445312,590.6400146484375,584.4199829101562,586.0800170898438,57052700,0.0,0.0
2025-01-02,589.3900146484375,591.1300048828125,580.5,584.6400146484375,50204000,0.0,0.0
2025-01-03,587.530029296875,592.5999755859375,586.4299926757812,591.9500122070312,37888500,0.0,0.0
2025-01-06,596.27001953125,599.7000122070312,593.5999755859375,595.3599853515625,47679400,0.0,0.0
2025-01-07,597.4199829101562,597.75,586.780029296875,588.6300048828125,60393100,0.0,0.0
2025-01-08,588.7000122070312,590.5800170898438,585.2000122070312,589.489990234375,47304700,0.0,0.0
2025-01-10,585.8800048828125,585.9500122070312,578.5499877929688,580.489990234375,73105000,0.0,0.0
2025-01-13,575.77001953125,581.75,575.3499755859375,581.3900146484375,47910100,0.0,0.0
2025-01-14,584.3599853515625,585.0,578.3499755859375,582.1900024414062,48420600,0.0,0.0
2025-01-15,590.3300170898438,593.9400024414062,589.2000122070312,592.780029296875,56900200,0.0,0.0
2025-01-16,594.1699829101562,594.3499755859375,590.9299926757812,591.6400146484375,43319700,0.0,0.0
2025-01-17,596.9600219726562,599.3599853515625,595.6099853515625,597.5800170898438,58070600,0.0,0.0
2025-01-21,600.6699829101562,603.0599975585938,598.6699829101562,603.0499877929688,42532900,0.0,0.0
2025-01-22,605.9199829101562,607.8200073242188,605.3599853515625,606.4400024414062,48196000,0.0,0.0
2025-01-23,605.7999877929688,609.75,605.52001953125,609.75,41152100,0.0,0.0
2025-01-24,609.8099975585938,610.780029296875,606.7999877929688,607.969970703125,34604700,0.0,0.0
2025-01-27,594.8099975585938,599.6900024414062,594.6400146484375,599.3699951171875,70361100,0.0,0.0
2025-01-28,600.6199951171875,605.3699951171875,597.25,604.52001953125,44433300,0.0,0.0
2025-01-29,603.719970703125,604.1300048828125,599.219970703125,601.8099975585938,37177400,0.0,0.0
2025-01-30,603.9600219726562,606.5999755859375,600.719970703125,605.0399780273438,39281300,0.0,0.0
2025-01-31,607.5,609.9600219726562,601.0499877929688,601.8200073242188,66566900,0.0,0.0
2025-02-03,592.6699829101562,600.2899780273438,590.489990234375,597.77001953125,65857200,0.0,0.0
2025-02-04,597.8300170898438,602.2999877929688,597.280029296875,601.780029296875,33457800,0.0,0.0
2025-02-05,600.6400146484375,604.3699951171875,598.5800170898438,604.219970703125,30653100,0.0,0.0
2025-02-06,605.989990234375,606.4500122070312,602.6300048828125,606.3200073242188,35771500,0.0,0.0
2025-02-07,606.8900146484375,608.1300048828125,600.0499877929688,600.77001953125,50788500,0.0,0.0
2025-02-10,604.030029296875,605.5,602.739990234375,604.8499755859375,26048700,0.0,0.0
2025-02-11,602.5499877929688,605.8599853515625,602.4299926757812,605.3099975585938,30056700,0.0,0.0
2025-02-12,599.2000122070312,604.5499877929688,598.510009765625,603.3599853515625,45076100,0.0,0.0
2025-02-13,604.47998046875,609.9400024414062,603.2000122070312,609.72998046875,40921300,0.0,0.0
2025-02-14,609.9400024414062,610.989990234375,609.0700073242188,609.7000122070312,26910400,0.0,0.0
2025-02-18,610.8800048828125,611.489990234375,608.3800048828125,611.489990234375,26749000,0.0,0.0
2025-02-19,610.0800170898438,613.22998046875,609.5599975585938,612.9299926757812,31011100,0.0,0.0
2025-02-20,611.5399780273438,611.6799926757812,607.02001953125,610.3800048828125,36554000,0.0,0.0
2025-02-21,610.1599731445312,610.2999877929688,599.469970703125,599.9400024414062,76519800,0.0,0.0
2025-02-24,602.02001953125,603.030029296875,596.489990234375,597.2100219726562,50737200,0.0,0.0
2025-02-25,597.1500244140625,597.8900146484375,589.5599975585938,594.239990234375,58266500,0.0,0.0
2025-02-26,595.9299926757812,599.5800170898438,591.8599853515625,594.5399780273438,43321600,0.0,0.0
2025-02-27,596.8499755859375,598.02001953125,584.6500244140625,585.0499877929688,74196700,0.0,0.0
2025-02-28,585.5599975585938,594.719970703125,582.4400024414062,594.1799926757812,88744100,0.0,0.0
2025-03-03,596.1799926757812,597.3400268554688,579.9000244140625,583.77001953125,74249200,0.0,0.0
2025-03-04,579.7100219726562,585.3900146484375,572.25,576.8599853515625,109648200,0.0,0.0
2025-03-05,576.6900024414062,584.8800048828125,573.0800170898438,583.0599975585938,71230500,0.0,0.0
2025-03-06,575.47998046875,580.1699829101562,570.1199951171875,572.7100219726562,80094900,0.0,0.0
2025-03-07,570.9000244140625,577.3900146484375,565.6300048828125,575.9199829101562,81158800,0.0,0.0
2025-03-10,567.5900268554688,569.5399780273438,555.5900268554688,560.5800170898438,99326600,0.0,0.0
2025-03-11,559.4000244140625,564.02001953125,552.02001953125,555.9199829101562,88102100,0.0,0.0
2025-03-12,562.1699829101562,563.1099853515625,553.6900024414062,558.8699951171875,69588200,0.0,0.0
2025-03-13,558.489990234375,559.1099853515625,549.6799926757812,551.4199829101562,74079400,0.0,0.0
2025-03-14,556.1099853515625,563.8300170898438,551.489990234375,562.8099975585938,62660300,0.0,0.0
2025-03-17,562.7899780273438,569.7100219726562,562.3499755859375,567.1500244140625,49008700,0.0,0.0
2025-03-18,564.7999877929688,565.02001953125,559.0599975585938,561.02001953125,66041400,0.0,0.0
2025-03-19,562.8300170898438,570.9500122070312,561.6300048828125,567.1300048828125,66556000,0.0,0.0
2025-03-20,563.3300170898438,570.5700073242188,562.5999755859375,565.489990234375,62958200,0.0,0.0
2025-03-21,559.280029296875,564.8900146484375,558.030029296875,563.97998046875,83763000,1.696,0.0
2025-03-24,570.7999877929688,575.1500244140625,570.2000122070312,574.0800170898438,58766800,0.0,0.0
2025-03-25,575.2999877929688,576.4099731445312,573.6900024414062,575.4600219726562,38355700,0.0,0.0
2025-03-26,575.1900024414062,576.3300170898438,567.1900024414062,568.5900268554688,51848300,0.0,0.0
2025-03-27,567.1799926757812,570.9000244140625,564.9400024414062,567.0800170898438,42164200,0.0,0.0
2025-03-28,565.530029296875,566.27001953125,555.0700073242188,555.6599731445312,71662700,0.0,0.0
2025-03-31,549.8300170898438,560.7100219726562,546.8699951171875,559.3900146484375,95328200,0.0,0.0
2025-04-01,557.4500122070312,562.9400024414062,553.6799926757812,560.969970703125,54609600,0.0,0.0
2025-04-02,555.0499877929688,567.4199829101562,554.8099975585938,564.52001953125,76014500,0.0,0.0
2025-04-03,545.1099853515625,547.969970703125,536.7000122070312,536.7000122070312,125986000,0.0,0.0
2025-04-04,523.6699829101562,525.8699951171875,505.05999755859375,505.2799987792969,217965100,0.0,0.0
2025-04-07,489.19000244140625,523.1699829101562,481.79998779296875,504.3800048828125,256611400,0.0,0.0
2025-04-08,521.8599853515625,524.97998046875,489.1600036621094,496.4800109863281,165816600,0.0,0.0
2025-04-09,493.44000244140625,548.6199951171875,493.04998779296875,548.6199951171875,241867300,0.0,0.0
2025-04-10,532.1699829101562,533.5,509.32000732421875,524.5800170898438,162331200,0.0,0.0
2025-04-11,523.010009765625,536.4299926757812,520.0700073242188,533.9400024414062,97866300,0.0,0.0
2025-04-14,544.0499877929688,544.280029296875,533.8599853515625,539.1199951171875,68034000,0.0,0.0
2025-04-15,539.6699829101562,543.22998046875,536.8099975585938,537.6099853515625,56892900,0.0,0.0
2025-04-16,531.6799926757812,537.8900146484375,520.2899780273438,525.6599731445312,83484800,0.0,0.0
2025-04-17,527.6400146484375,531.1699829101562,523.9099731445312,526.4099731445312,79868100,0.0,0.0
2025-04-21,521.1599731445312,521.7000122070312,508.4599914550781,513.8800048828125,69368100,0.0,0.0
2025-04-22,520.1400146484375,529.2999877929688,519.1900024414062,527.25,75948100,0.0,0.0
2025-04-23,540.4299926757812,545.4299926757812,533.8800048828125,535.4199829101562,90590700,0.0,0.0
2025-04-24,536.719970703125,547.4299926757812,535.4500122070312,546.6900024414062,64150400,0.0,0.0
2025-04-25,546.6500244140625,551.0499877929688,543.6900024414062,550.6400146484375,61119600,0.0,0.0
2025-04-28,551.3900146484375,553.5499877929688,545.02001953125,550.8499755859375,47613800,0.0,0.0
2025-04-29,548.9099731445312,555.4500122070312,548.5499877929688,554.3200073242188,47775100,0.0,0.0
2025-04-30,547.5700073242188,556.52001953125,541.52001953125,554.5399780273438,93101500,0.0,0.0
2025-05-01,560.3699951171875,564.0700073242188,557.8599853515625,558.469970703125,63186100,0.0,0.0
2025-05-02,564.72998046875,568.3800048828125,562.3800048828125,566.760009765625,60717300,0.0,0.0
2025-05-05,562.5700073242188,566.6500244140625,561.7000122070312,563.510009765625,38659200,0.0,0.0
2025-05-06,557.9299926757812,563.3499755859375,556.9600219726562,558.7999877929688,48264700,0.0,0.0
2025-05-07,560.1500244140625,563.8200073242188,556.0399780273438,561.1500244140625,55588000,0.0,0.0
2025-05-08,565.239990234375,570.3099975585938,561.7000122070312,565.0599975585938,65130800,0.0,0.0
2025-05-09,566.47998046875,567.5,562.760009765625,564.3400268554688,37603400,0.0,0.0
2025-05-12,581.469970703125,583.0,577.0399780273438,582.989990234375,78993600,0.0,0.0
2025-05-13,583.4099731445312,589.0800170898438,582.8400268554688,586.8400268554688,67947200,0.0,0.0
2025-05-14,587.8099975585938,588.97998046875,585.5399780273438,587.5900268554688,66283500,0.0,0.0
2025-05-15,585.5599975585938,590.969970703125,585.0999755859375,590.4600219726562,71268100,0.0,0.0
2025-05-16,591.25,594.5,589.280029296875,594.2000122070312,76052100,0.0,0.0
2025-05-19,588.0999755859375,595.5399780273438,588.0999755859375,594.8499755859375,68168500,0.0,0.0
2025-05-20,593.0900268554688,594.0499877929688,589.5999755859375,592.8499755859375,60614500,0.0,0.0
2025-05-21,588.4400024414062,592.5800170898438,581.8200073242188,582.8599853515625,95197700,0.0,0.0
2025-05-22,582.6599731445312,586.6199951171875,581.4099731445312,583.0900268554688,70860400,0.0,0.0
2025-05-23,575.97998046875,581.8099975585938,575.5999755859375,579.1099853515625,76029000,0.0,0.0
2025-05-27,586.0700073242188,591.3099975585938,578.4299926757812,591.1500244140625,72588500,0.0,0.0
2025-05-28,591.5599975585938,592.77001953125,586.989990234375,587.72998046875,68445500,0.0,0.0
2025-05-29,593.0599975585938,593.2000122070312,586.0700073242188,590.0499877929688,69973300,0.0,0.0
2025-05-30,588.9299926757812,591.1300048828125,583.239990234375,589.3900146484375,90601200,0.0,0.0
2025-06-02,587.760009765625,592.7899780273438,585.0599975585938,592.7100219726562,61630500,0.0,0.0
2025-06-03,592.3400268554688,597.0800170898438,591.8499755859375,596.0900268554688,63606200,0.0,0.0
2025-06-04,596.9600219726562,597.9500122070312,595.489990234375,595.9299926757812,57314200,0.0,0.0
2025-06-05,597.6300048828125,599.0,591.0499877929688,593.0499877929688,92278700,0.0,0.0
2025-06-06,598.6599731445312,600.8300170898438,596.8599853515625,599.1400146484375,66588700,0.0,0.0
2025-06-09,599.719970703125,601.25,598.489990234375,599.6799926757812,53016400,0.0,0.0
2025-06-10,600.219970703125,603.469970703125,599.0900268554688,603.0800170898438,66247000,0.0,0.0
2025-06-11,604.1900024414062,605.0599975585938,599.27001953125,601.3599853515625,73658200,0.0,0.0
2025-06-12,600.010009765625,603.75,599.52001953125,603.75,64129000,0.0,0.0
2025-06-13,598.5,601.8499755859375,595.47998046875,597.0,89506000,0.0,0.0
2025-06-16,600.4000244140625,604.4500122070312,600.219970703125,602.6799926757812,79984100,0.0,0.0
2025-06-17,600.2100219726562,601.75,596.760009765625,597.530029296875,82209400,0.0,0.0
2025-06-18,598.4400024414062,601.219970703125,596.469970703125,597.4400024414062,76605000,0.0,0.0
2025-06-20,598.3800048828125,599.4600219726562,592.8599853515625,594.280029296875,94051400,1.761,0.0
2025-06-23,595.0399780273438,600.5399780273438,591.8900146484375,600.1500244140625,87426000,0.0,0.0
2025-06-24,604.3300170898438,607.8499755859375,603.4099731445312,606.780029296875,67735300,0.0,0.0
2025-06-25,607.9099731445312,608.6099853515625,605.5399780273438,607.1199951171875,62114800,0.0,0.0
2025-06-26,608.989990234375,612.3099975585938,608.3699951171875,611.8699951171875,78548400,0.0,0.0
2025-06-27,612.8800048828125,616.3900146484375,610.8300170898438,614.9099731445312,86258400,0.0,0.0
2025-06-30,617.3800048828125,619.219970703125,615.0399780273438,617.8499755859375,92502500,0.0,0.0
2025-07-01,616.3599853515625,618.8300170898438,615.52001953125,617.6500244140625,70030100,0.0,0.0
2025-07-02,617.239990234375,620.489990234375,616.6099853515625,620.4500122070312,66510400,0.0,0.0
2025-07-03,622.4500122070312,626.280029296875,622.4299926757812,625.3400268554688,51065800,0.0,0.0
2025-07-07,623.3599853515625,624.030029296875,617.8699951171875,620.6799926757812,74814500,0.0,0.0
2025-07-08,621.3499755859375,622.1099853515625,619.52001953125,620.3400268554688,59024600,0.0,0.0
2025-07-09,622.77001953125,624.719970703125,620.9099731445312,624.0599975585938,66113300,0.0,0.0
2025-07-10,624.2000122070312,626.8699951171875,623.010009765625,625.8200073242188,57529000,0.0,0.0
2025-07-11,622.739990234375,624.8599853515625,621.530029296875,623.6199951171875,63670200,0.0,0.0
2025-07-14,623.1599731445312,625.1599731445312,621.7999877929688,624.8099975585938,51898500,0.0,0.0
2025-07-15,627.52001953125,627.8599853515625,622.0599975585938,622.1400146484375,74317300,0.0,0.0
2025-07-16,623.739990234375,624.72998046875,618.0499877929688,624.219970703125,88987500,0.0,0.0
2025-07-17,624.4000244140625,628.4000244140625,624.1799926757812,628.0399780273438,68885700,0.0,0.0
2025-07-18,629.2999877929688,629.469970703125,626.4600219726562,627.5800170898438,65621600,0.0,0.0
2025-07-21,628.77001953125,631.5399780273438,628.3400268554688,628.77001953125,63375000,0.0,0.0
2025-07-22,629.0999755859375,629.72998046875,626.1900024414062,628.8599853515625,60046300,0.0,0.0
2025-07-23,631.5499877929688,634.2100219726562,629.72998046875,634.2100219726562,70511000,0.0,0.0
2025-07-24,634.5999755859375,636.1500244140625,633.989990234375,634.4199829101562,71307100,0.0,0.0
2025-07-25,635.0900268554688,637.5800170898438,634.8400268554688,637.0999755859375,56865400,0.0,0.0
2025-07-28,637.47998046875,638.0399780273438,635.5399780273438,636.9400024414062,54917100,0.0,0.0
2025-07-29,638.3499755859375,638.6699829101562,634.3400268554688,635.260009765625,60556300,0.0,0.0
2025-07-30,635.9199829101562,637.6799926757812,631.5399780273438,634.4600219726562,80418900,0.0,0.0
2025-07-31,639.4600219726562,639.8499755859375,630.77001953125,632.0800170898438,103385200,0.0,0.0
2025-08-01,626.2999877929688,626.3400268554688,619.2899780273438,621.719970703125,140103600,0.0,0.0
2025-08-04,625.6699829101562,631.219970703125,625.5800170898438,631.1699829101562,73218000,0.0,0.0
2025-08-05,631.7899780273438,632.6099853515625,627.0399780273438,627.969970703125,68051400,0.0,0.0
2025-08-06,629.0499877929688,633.4400024414062,628.1300048828125,632.780029296875,64357500,0.0,0.0
2025-08-07,636.239990234375,636.97998046875,629.1099853515625,632.25,74205800,0.0,0.0
2025-08-08,634.0599975585938,637.6500244140625,633.739990234375,637.1799926757812,64051600,0.0,0.0
2025-08-11,637.4600219726562,638.9500122070312,634.6599731445312,635.9199829101562,58742300,0.0,0.0
2025-08-12,638.2899780273438,642.8499755859375,636.7899780273438,642.6900024414062,64730800,0.0,0.0
2025-08-13,644.9099731445312,646.1900024414062,642.6799926757812,644.8900146484375,60092800,0.0,0.0
2025-08-14,642.7899780273438,645.6199951171875,642.3400268554688,644.9500122070312,59327500,0.0,0.0
2025-08-15,645.989990234375,646.0900268554688,642.52001953125,643.4400024414062,68592500,0.0,0.0
2025-08-18,642.8599853515625,644.0,642.1799926757812,643.2999877929688,43804900,0.0,0.0
2025-08-19,643.1199951171875,644.1099853515625,638.47998046875,639.8099975585938,69750700,0.0,0.0
2025-08-20,639.4000244140625,639.6599731445312,632.9500122070312,638.1099853515625,88890300,0.0,0.0
2025-08-21,636.280029296875,637.969970703125,633.8099975585938,635.5499877929688,54805800,0.0,0.0
2025-08-22,637.760009765625,646.5,637.25,645.3099975585938,84083200,0.0,0.0
2025-08-25,644.0399780273438,645.2899780273438,642.3499755859375,642.469970703125,51274300,0.0,0.0
2025-08-26,642.2000122070312,645.510009765625,641.5700073242188,645.1599731445312,51581600,0.0,0.0
2025-08-27,644.5700073242188,647.3699951171875,644.4199829101562,646.6300048828125,48341100,0.0,0.0
2025-08-28,647.239990234375,649.47998046875,645.3400268554688,648.9199829101562,61519500,0.0,0.0
2025-08-29,647.469970703125,647.8400268554688,643.1400146484375,645.0499877929688,74522200,0.0,0.0
2025-09-02,637.5,640.489990234375,634.9199829101562,640.27001953125,81983500,0.0,0.0
2025-09-03,642.6699829101562,644.2100219726562,640.4600219726562,643.739990234375,70820900,0.0,0.0
2025-09-04,644.4199829101562,649.1500244140625,643.510009765625,649.1199951171875,65219200,0.0,0.0
2025-09-05,651.47998046875,652.2100219726562,643.3300170898438,647.239990234375,85178900,0.0,0.0
2025-09-08,648.6199951171875,649.8400268554688,647.22998046875,648.8300170898438,63133100,0.0,0.0
2025-09-09,648.969970703125,650.8599853515625,647.219970703125,650.3300170898438,66133900,0.0,0.0
2025-09-10,653.6199951171875,654.5499877929688,650.6300048828125,652.2100219726562,78034500,0.0,0.0
2025-09-11,654.1799926757812,658.3300170898438,653.5900268554688,657.6300048828125,69934400,0.0,0.0
2025-09-12,657.5999755859375,659.1099853515625,656.9000244140625,657.4099731445312,72780100,0.0,0.0
2025-09-15,659.6400146484375,661.0399780273438,659.3400268554688,660.9099731445312,63772400,0.0,0.0
2025-09-16,661.469970703125,661.780029296875,659.2100219726562,660.0,61169000,0.0,0.0
2025-09-17,660.010009765625,661.719970703125,654.2999877929688,659.1799926757812,101952200,0.0,0.0
2025-09-18,661.8900146484375,664.8900146484375,660.27001953125,662.260009765625,90459200,0.0,0.0
2025-09-19,662.3300170898438,664.5499877929688,660.3699951171875,663.7000122070312,97945600,1.831,0.0
2025-09-22,662.2000122070312,667.2899780273438,662.1699829101562,666.8400268554688,69452200,0.0,0.0
2025-09-23,666.719970703125,667.3400268554688,661.97998046875,663.2100219726562,81708900,0.0,0.0
2025-09-24,664.510009765625,664.6099853515625,659.6699829101562,661.0999755859375,68082200,0.0,0.0
2025-09-25,657.9400024414062,659.4099731445312,654.4099731445312,658.0499877929688,89622100,0.0,0.0
2025-09-26,659.510009765625,662.3699951171875,657.8800048828125,661.8200073242188,69179200,0.0,0.0
2025-09-29,664.3599853515625,665.280029296875,661.8599853515625,663.6799926757812,73499000,0.0,0.0
2025-09-30,662.9299926757812,666.6500244140625,661.6099853515625,666.1799926757812,86288000,0.0,0.0
2025-10-01,663.1699829101562,669.3699951171875,663.0599975585938,668.4500122070312,72545400,0.0,0.0
2025-10-02,670.4500122070312,670.5700073242188,666.780029296875,669.219970703125,56896000,0.0,0.0
2025-10-03,669.989990234375,672.6799926757812,668.1599731445312,669.2100219726562,70494400,0.0,0.0
2025-10-06,671.6199951171875,672.510009765625,669.4600219726562,671.6099853515625,54623300,0.0,0.0
2025-10-07,672.5399780273438,672.989990234375,667.6699829101562,669.1199951171875,72020100,0.0,0.0
2025-10-08,670.25,673.2100219726562,669.4199829101562,673.1099853515625,60702200,0.0,0.0
2025-10-09,673.530029296875,673.9400024414062,669.2100219726562,671.1599731445312,66501900,0.0,0.0
2025-10-10,672.1300048828125,673.9500122070312,652.8400268554688,653.02001953125,159422600,0.0,0.0
2025-10-13,660.6500244140625,665.1300048828125,659.77001953125,663.0399780273438,79560500,0.0,0.0
2025-10-14,657.1699829101562,665.8300170898438,653.1699829101562,662.22998046875,88779600,0.0,0.0
2025-10-15,666.8200073242188,670.22998046875,658.9299926757812,665.1699829101562,81702600,0.0,0.0
2025-10-16,666.8200073242188,668.7100219726562,657.1099853515625,660.6400146484375,110563300,0.0,0.0
2025-10-17,659.5,665.760009765625,658.1400146484375,664.3900146484375,96500900,0.0,0.0
2025-10-20,667.3200073242188,672.2100219726562,667.27001953125,671.2999877929688,60493400,0.0,0.0
2025-10-21,671.4400024414062,672.989990234375,669.97998046875,671.2899780273438,56249000,0.0,0.0
2025-10-22,672.0,672.0,663.2999877929688,667.7999877929688,80564000,0.0,0.0
2025-10-23,668.1199951171875,672.7100219726562,667.7999877929688,671.760009765625,65604500,0.0,0.0
2025-10-24,676.4600219726562,678.469970703125,675.6500244140625,677.25,74356500,0.0,0.0
2025-10-27,682.72998046875,685.5399780273438,682.1199951171875,685.239990234375,63339800,0.0,0.0
2025-10-28,687.0499877929688,688.9099731445312,684.8300170898438,687.0599975585938,61738100,0.0,0.0
2025-10-29,688.719970703125,689.7000122070312,682.8699951171875,687.3900146484375,85657100,0.0,0.0
2025-10-30,683.9000244140625,685.9400024414062,679.8300170898438,679.8300170898438,76335800,0.0,0.0
2025-10-31,685.0399780273438,685.0800170898438,679.239990234375,682.0599975585938,87164100,0.0,0.0
2025-11-03,685.6699829101562,685.7999877929688,679.9400024414062,683.3400268554688,57315000,0.0,0.0
2025-11-04,676.1099853515625,679.9600219726562,674.5800170898438,675.239990234375,78427000,0.0,0.0
2025-11-05,674.97998046875,680.8599853515625,674.1699829101562,677.5800170898438,74402400,0.0,0.0
2025-11-06,676.469970703125,677.3800048828125,668.719970703125,670.3099975585938,85035300,0.0,0.0
2025-11-07,667.9099731445312,671.0800170898438,661.2100219726562,670.969970703125,100592400,0.0,0.0
2025-11-10,677.239990234375,682.1799926757812,675.030029296875,681.4400024414062,75842900,0.0,0.0
2025-11-11,679.9500122070312,683.5700073242188,678.72998046875,683.0,58953400,0.0,0.0
2025-11-12,684.7899780273438,684.9600219726562,680.9500122070312,683.3800048828125,62312500,0.0,0.0
2025-11-13,680.5,680.8599853515625,670.52001953125,672.0399780273438,103457800,0.0,0.0
2025-11-14,665.3800048828125,675.6599731445312,663.27001953125,671.9299926757812,96846700,0.0,0.0
2025-11-17,669.7000122070312,673.7100219726562,662.1699829101562,665.6699829101562,90456100,0.0,0.0
2025-11-18,662.0999755859375,665.1199951171875,655.8599853515625,660.0800170898438,114467500,0.0,0.0
2025-11-19,660.780029296875,667.3400268554688,658.75,662.6300048828125,94703000,0.0,0.0
2025-11-20,672.9099731445312,675.5599975585938,651.8900146484375,652.530029296875,165293500,0.0,0.0
2025-11-21,655.0499877929688,664.5499877929688,650.8499755859375,659.030029296875,123956200,0.0,0.0
2025-11-24,662.6900024414062,670.0599975585938,661.5900268554688,668.72998046875,80437900,0.0,0.0
2025-11-25,668.6300048828125,676.2100219726562,664.47998046875,675.02001953125,81077100,0.0,0.0
2025-11-26,677.6300048828125,681.7000122070312,676.719970703125,679.6799926757812,71879600,0.0,0.0
2025-11-28,680.8599853515625,683.6699829101562,680.5,683.3900146484375,49212000,0.0,0.0
2025-12-01,678.8099975585938,682.989990234375,678.739990234375,680.27001953125,61201200,0.0,0.0
2025-12-02,681.9199829101562,683.8200073242188,679.3300170898438,681.530029296875,62953800,0.0,0.0
2025-12-03,680.5700073242188,684.9099731445312,679.6900024414062,683.8900146484375,57238500,0.0,0.0
2025-12-04,685.2999877929688,685.3699951171875,681.3400268554688,684.3900146484375,61970300,0.0,0.0
2025-12-05,685.469970703125,688.3900146484375,684.5800170898438,685.6900024414062,79241000,0.0,0.0
2025-12-08,686.5900268554688,686.6400146484375,681.5700073242188,683.6300048828125,55231500,0.0,0.0
2025-12-09,683.1500244140625,685.3900146484375,682.5900268554688,683.0399780273438,58310100,0.0,0.0
2025-12-10,682.5599975585938,688.969970703125,681.3099975585938,687.5700073242188,85671300,0.0,0.0
2025-12-11,685.1400146484375,689.25,682.1699829101562,689.1699829101562,86173700,0.0,0.0
2025-12-12,688.1699829101562,688.8800048828125,679.1699829101562,681.760009765625,113160300,0.0,0.0
2025-12-15,685.739990234375,685.760009765625,679.25,680.72998046875,90811000,0.0,0.0
2025-12-16,679.22998046875,681.0800170898438,674.97998046875,678.8699951171875,122030600,0.0,0.0
2025-12-17,679.8900146484375,680.4400024414062,671.2000122070312,671.4000244140625,110625200,0.0,0.0
2025-12-18,677.5999755859375,680.739990234375,674.9000244140625,676.469970703125,108650100,0.0,0.0
2025-12-19,676.5900268554688,681.0900268554688,676.469970703125,680.5900268554688,103599500,1.993,0.0
2025-12-22,683.9400024414062,685.3599853515625,680.5900268554688,684.8300170898438,69556700,0.0,0.0
2025-12-23,683.9199829101562,688.2000122070312,683.8699951171875,687.9600219726562,64840000,0.0,0.0
2025-12-24,687.9500122070312,690.8300170898438,687.7999877929688,690.3800048828125,39445600,0.0,0.0
2025-12-26,690.6400146484375,691.6599731445312,689.27001953125,690.3099975585938,41613300,0.0,0.0
2025-12-29,687.5399780273438,689.2000122070312,686.0700073242188,687.8499755859375,62559500,0.0,0.0
2025-12-30,687.4500122070312,688.5599975585938,686.5800170898438,687.010009765625,47160700,0.0,0.0
2025-12-31,687.1400146484375,687.3599853515625,681.7100219726562,681.9199829101562,74144800,0.0,0.0
2026-01-02,685.7100219726562,686.8699951171875,679.8200073242188,683.1699829101562,89377200,0.0,0.0
2026-01-05,686.5399780273438,689.4299926757812,686.3800048828125,687.719970703125,71927200,0.0,0.0
2026-01-06,687.9299926757812,692.3200073242188,687.780029296875,691.8099975585938,69273800,0.0,0.0
2026-01-07,692.1900024414062,693.9600219726562,689.3200073242188,689.5800170898438,75588300,0.0,0.0
2026-01-08,688.8200073242188,690.6199951171875,687.489990234375,689.510009765625,64019200,0.0,0.0
2026-01-09,690.6300048828125,695.3099975585938,689.1799926757812,694.0700073242188,80125500,0.0,0.0
2026-01-12,690.6799926757812,696.0900268554688,690.6300048828125,695.1599731445312,63976000,0.0,0.0
2026-01-13,695.489990234375,696.0900268554688,691.3499755859375,693.77001953125,78309700,0.0,0.0
2026-01-14,691.0,691.719970703125,686.0399780273438,690.3599853515625,94676700,0.0,0.0
2026-01-15,694.5700073242188,695.4500122070312,691.25,692.239990234375,77862000,0.0,0.0
2026-01-16,693.6599731445312,694.25,690.0999755859375,691.6599731445312,79289200,0.0,0.0
2026-01-20,681.489990234375,684.77001953125,676.5700073242188,677.5800170898438,111623300,0.0,0.0
2026-01-21,679.6500244140625,688.739990234375,678.1300048828125,685.4000244140625,127844500,0.0,0.0
2026-01-22,689.8499755859375,691.1300048828125,686.9199829101562,688.97998046875,77112200,0.0,0.0
2026-01-23,688.1500244140625,690.9600219726562,687.1599731445312,689.22998046875,63059600,0.0,0.0
2026-01-26,690.489990234375,694.1300048828125,689.9199829101562,692.72998046875,60473800,0.0,0.0
2026-01-27,694.1799926757812,696.530029296875,693.5700073242188,695.489990234375,55506100,0.0,0.0
2026-01-28,697.0499877929688,697.8400268554688,693.9400024414062,695.4199829101562,61172200,0.0,0.0
2026-01-29,696.3900146484375,697.0599975585938,684.8300170898438,694.0399780273438,97486200,0.0,0.0
2026-01-30,691.7899780273438,694.2100219726562,687.1199951171875,691.969970703125,101835100,0.0,0.0
2026-02-02,689.5800170898438,696.9299926757812,689.4199829101562,695.4099731445312,79286500,0.0,0.0
2026-02-03,696.2100219726562,696.9600219726562,684.030029296875,689.530029296875,107904600,0.0,0.0
2026-02-04,690.3499755859375,691.4500122070312,681.760009765625,686.1900024414062,105204600,0.0,0.0
2026-02-05,680.9400024414062,683.6900024414062,675.7899780273438,677.6199951171875,113610800,0.0,0.0
2026-02-06,681.4600219726562,692.3099975585938,680.8499755859375,690.6199951171875,89127600,0.0,0.0
2026-02-09,689.4199829101562,695.8699951171875,688.3400268554688,693.9500122070312,73885200,0.0,0.0
2026-02-10,694.9500122070312,696.5399780273438,691.6599731445312,692.1199951171875,65185700,0.0,0.0
2026-02-11,696.3900146484375,697.1400146484375,689.1799926757812,691.9600219726562,76353900,0.0,0.0
2026-02-12,694.239990234375,695.3499755859375,680.3699951171875,681.27001953125,118829000,0.0,0.0
2026-02-13,681.6900024414062,686.280029296875,677.52001953125,681.75,96267500,0.0,0.0
2026-02-17,680.1400146484375,684.9400024414062,675.780029296875,682.8499755859375,81354700,0.0,0.0
2026-02-18,684.02001953125,689.1500244140625,682.8300170898438,686.2899780273438,73570300,0.0,0.0
2026-02-19,683.8400268554688,686.1799926757812,681.5499877929688,684.47998046875,58649400,0.0,0.0
2026-02-20,682.3200073242188,690.0599975585938,681.72998046875,689.4299926757812,100034000,0.0,0.0
2026-02-23,687.8300170898438,690.0,680.3699951171875,682.3900146484375,90558100,0.0,0.0
2026-02-24,681.9000244140625,688.3499755859375,680.0,687.3499755859375,73798700,0.0,0.0
2026-02-25,690.1799926757812,693.6799926757812,690.0999755859375,693.1500244140625,56369500,0.0,0.0
2026-02-26,693.280029296875,693.2999877929688,684.3499755859375,689.2999877929688,71671000,0.0,0.0
2026-02-27,683.0900268554688,686.8599853515625,681.6400146484375,685.989990234375,83308900,0.0,0.0
2026-03-02,678.7000122070312,688.6199951171875,678.02001953125,686.3800048828125,87477200,0.0,0.0
2026-03-03,675.0599975585938,682.6099853515625,669.6599731445312,680.3300170898438,105003100,0.0,0.0
2026-03-04,681.6300048828125,687.0900268554688,679.6199951171875,685.1300048828125,79182200,0.0,0.0
2026-03-05,682.0800170898438,685.530029296875,675.6099853515625,681.3099975585938,106606500,0.0,0.0
2026-03-06,673.4099731445312,676.1099853515625,669.760009765625,672.3800048828125,100687000,0.0,0.0
2026-03-09,666.3900146484375,679.9199829101562,662.3900146484375,678.27001953125,102667700,0.0,0.0
2026-03-10,677.719970703125,683.3599853515625,674.760009765625,677.1799926757812,81505300,0.0,0.0
2026-03-11,677.5800170898438,680.0800170898438,673.3400268554688,676.3300170898438,68441700,0.0,0.0
2026-03-12,671.1599731445312,671.6500244140625,665.8699951171875,666.0599975585938,108882200,0.0,0.0
2026-03-13,669.27001953125,672.3400268554688,661.3599853515625,662.2899780273438,97200200,0.0,0.0
2026-03-16,668.3800048828125,672.0700073242188,667.1199951171875,669.030029296875,82023100,0.0,0.0
2026-03-17,672.3900146484375,674.4400024414062,669.7000122070312,670.7899780273438,87128000,0.0,0.0
2026-03-18,668.3599853515625,669.719970703125,661.1900024414062,661.4299926757812,82062600,0.0,0.0
2026-03-19,656.969970703125,662.97998046875,655.1699829101562,659.7999877929688,111272500,0.0,0.0
2026-03-20,656.510009765625,656.6900024414062,644.719970703125,648.5700073242188,163617500,1.797,0.0
2026-03-23,658.0700073242188,662.6199951171875,653.9400024414062,655.3800048828125,134802700,0.0,0.0
2026-03-24,651.3200073242188,657.030029296875,649.8800048828125,653.1799926757812,96457500,0.0,0.0
2026-03-25,658.6699829101562,660.8900146484375,654.239990234375,656.8200073242188,90653800,0.0,0.0
2026-03-26,652.0599975585938,654.8499755859375,644.8200073242188,645.0900268554688,96494400,0.0,0.0
2026-03-27,642.5,642.6599731445312,633.1099853515625,634.0900268554688,103649400,0.0,0.0
2026-03-30,640.1099853515625,640.3699951171875,629.280029296875,631.969970703125,99275900,0.0,0.0
2026-03-31,638.9400024414062,651.5399780273438,637.97998046875,650.3400268554688,152534100,0.0,0.0
2026-04-01,653.9000244140625,658.52001953125,653.0,655.239990234375,97841500,0.0,0.0
2026-04-02,646.4199829101562,658.2000122070312,645.1099853515625,655.8300170898438,68358700,0.0,0.0
2026-04-06,655.8599853515625,659.719970703125,655.52001953125,658.9299926757812,39105800,0.0,0.0
2026-04-07,656.6500244140625,659.6099853515625,651.0599975585938,659.219970703125,69980400,0.0,0.0
2026-04-08,676.3900146484375,677.0800170898438,671.4600219726562,676.010009765625,93606100,0.0,0.0
2026-04-09,674.8400268554688,681.1599731445312,673.77001953125,679.9099731445312,57134400,0.0,0.0
2026-04-10,681.3200073242188,682.030029296875,678.4500122070312,679.4600219726562,42253500,0.0,0.0
2026-04-13,677.4099731445312,686.2999877929688,676.5800170898438,686.0999755859375,54185800,0.0,0.0
2026-04-14,687.6900024414062,694.5800170898438,687.6599731445312,694.4600219726562,63480500,0.0,0.0
2026-04-15,695.260009765625,700.280029296875,694.2000122070312,699.9400024414062,58240400,0.0,0.0
2026-04-16,701.0599975585938,702.780029296875,698.530029296875,701.6599731445312,49972400,0.0,0.0
2026-04-17,706.1400146484375,712.3900146484375,705.760009765625,710.1400146484375,70661900,0.0,0.0
2026-04-20,708.780029296875,709.9099731445312,706.1400146484375,708.719970703125,43546800,0.0,0.0
2026-04-21,710.280029296875,711.280029296875,702.6400146484375,704.0800170898438,58941400,0.0,0.0
2026-04-22,709.1500244140625,711.4500122070312,708.219970703125,711.2100219726562,42518500,0.0,0.0
2026-04-23,709.5,712.3599853515625,702.280029296875,708.4500122070312,56174000,0.0,0.0
2026-04-24,710.75,714.469970703125,709.010009765625,713.9400024414062,45182000,0.0,0.0
2026-04-27,713.1699829101562,715.6300048828125,712.2999877929688,715.1699829101562,33135900,0.0,0.0
2026-04-28,711.8200073242188,712.8800048828125,709.25,711.6900024414062,43117400,0.0,0.0
2026-04-29,711.0,712.2000122070312,708.3699951171875,711.5800170898438,41859200,0.0,0.0
2026-04-30,714.6300048828125,719.7899780273438,710.4500122070312,718.6599731445312,67240900,0.0,0.0
2026-05-01,721.25,724.8699951171875,720.469970703125,720.6500244140625,43049800,0.0,0.0
2026-05-04,720.0700073242188,722.1199951171875,714.989990234375,718.010009765625,51950600,0.0,0.0
2026-05-05,721.77001953125,725.0399780273438,721.489990234375,723.77001953125,36933200,0.0,0.0
2026-05-06,728.1599731445312,734.5900268554688,727.8200073242188,733.8300170898438,53288900,0.0,0.0
2026-05-07,735.0499877929688,736.1300048828125,729.75,731.5800170898438,51724600,0.0,0.0
2026-05-08,734.9299926757812,738.0800170898438,734.5700073242188,737.6199951171875,47227100,0.0,0.0
2026-05-11,736.4500122070312,740.7899780273438,736.4500122070312,739.2999877929688,44024000,0.0,0.0
2026-05-12,736.8900146484375,738.8400268554688,731.8300170898438,738.1799926757812,54185300,0.0,0.0
2026-05-13,738.469970703125,743.9099731445312,735.469970703125,742.3099975585938,44200200,0.0,0.0
2026-05-14,743.6500244140625,749.530029296875,743.5599975585938,748.1699829101562,45307600,0.0,0.0
2026-05-15,741.7899780273438,743.4600219726562,737.9600219726562,739.1699829101562,60410800,0.0,0.0
2026-05-18,739.8300170898438,741.4199829101562,733.3900146484375,738.6500244140625,47843900,0.0,0.0
2026-05-19,734.780029296875,737.6500244140625,731.530029296875,733.72998046875,54255900,0.0,0.0
2026-05-20,735.7100219726562,741.8699951171875,733.8900146484375,741.25,45768000,0.0,0.0
2026-05-21,738.6400146484375,744.8699951171875,737.030029296875,742.719970703125,43332200,0.0,0.0
2026-05-22,746.239990234375,748.9400024414062,744.47998046875,745.6400146484375,41762000,0.0,0.0
2026-05-26,750.010009765625,752.1300048828125,748.3699951171875,750.5900268554688,41123600,0.0,0.0
2026-05-27,750.8800048828125,751.3800048828125,748.219970703125,750.4600219726562,42106300,0.0,0.0
2026-05-28,750.25,755.1500244140625,749.22998046875,754.5999755859375,41562600,0.0,0.0
2026-05-29,755.9000244140625,758.0800170898438,754.6900024414062,756.47998046875,55075700,0.0,0.0
2026-06-01,755.3599853515625,760.280029296875,754.6900024414062,758.5399780273438,43634900,0.0,0.0
2026-06-02,757.030029296875,760.4000244140625,756.75,759.5700073242188,31581900,0.0,0.0
2026-06-03,758.1500244140625,758.7999877929688,753.5700073242188,754.239990234375,51402500,0.0,0.0
2026-06-04,752.0999755859375,758.3099975585938,751.469970703125,757.0900268554688,49923000,0.0,0.0
2026-06-05,752.3099975585938,752.8200073242188,735.530029296875,737.5499877929688,93989400,0.0,0.0
2026-06-08,743.3599853515625,745.3400268554688,738.1900024414062,739.219970703125,49319100,0.0,0.0
2026-06-09,743.6300048828125,746.9000244140625,722.5900268554688,737.0499877929688,87683500,0.0,0.0
2026-06-10,733.3900146484375,738.3800048828125,725.3300170898438,725.4299926757812,60341300,0.0,0.0
2026-06-11,728.760009765625,740.0,724.4099731445312,737.760009765625,86330500,0.0,0.0
2026-06-12,740.7100219726562,744.4400024414062,735.030029296875,741.75,57079500,0.0,0.0
2026-06-15,751.8499755859375,756.6799926757812,751.760009765625,754.8300170898438,60176400,0.0,0.0
2026-06-16,754.5499877929688,755.4400024414062,749.8800048828125,750.3300170898438,67093100,0.0,0.0
2026-06-17,751.2899780273438,752.1500244140625,739.219970703125,740.9600219726562,85945200,0.0,0.0
2026-06-18,747.760009765625,748.22998046875,743.8599853515625,746.739990234375,80875700,1.904,0.0
2026-06-22,747.7000122070312,750.1799926757812,743.1300048828125,744.3900146484375,46628100,0.0,0.0
2026-06-23,733.8099975585938,739.6300048828125,732.2999877929688,733.5800170898438,66846800,0.0,0.0
2026-06-24,735.1699829101562,739.9500122070312,730.8400268554688,733.239990234375,57439500,0.0,0.0
2026-06-25,738.9099731445312,739.3699951171875,729.5999755859375,734.2999877929688,53934400,0.0,0.0
2026-06-26,728.9500122070312,736.530029296875,716.5800170898438,728.989990234375,71034000,0.0,0.0
2026-06-29,736.530029296875,741.5599975585938,732.0900268554688,741.0,58035200,0.0,0.0
2026-06-30,741.2899780273438,748.02001953125,740.8900146484375,746.77001953125,55626000,0.0,0.0
2026-07-01,745.0,749.4400024414062,742.3800048828125,745.760009765625,47100900,0.0,0.0
2026-07-02,747.4000244140625,751.3099975585938,740.030029296875,744.780029296875,57447800,0.0,0.0
2026-07-06,748.739990234375,752.4099731445312,747.4099731445312,751.280029296875,50673300,0.0,0.0
2026-07-07,750.219970703125,750.9600219726562,745.2100219726562,747.7100219726562,43721500,0.0,0.0
2026-07-08,743.1599731445312,746.1500244140625,739.510009765625,745.4000244140625,43767400,0.0,0.0
2026-07-09,747.3499755859375,751.969970703125,745.5900268554688,751.7100219726562,41441700,0.0,0.0
2026-07-10,752.0499877929688,755.4199829101562,748.0999755859375,754.9500122070312,42191300,0.0,0.0
2026-07-13,752.469970703125,753.9099731445312,748.0,749.1699829101562,44013600,0.0,0.0
2026-07-14,750.9099731445312,753.3400268554688,748.6599731445312,751.8300170898438,35143100,0.0,0.0
2026-07-15,754.239990234375,755.5800170898438,750.2000122070312,754.8099975585938,43844800,0.0,0.0
2026-07-16,752.760009765625,754.5700073242188,747.8800048828125,750.719970703125,46409800,0.0,0.0
2026-07-17,742.0800170898438,747.2899780273438,740.7999877929688,743.2899780273438,62651000,0.0,0.0
2026-07-20,747.0599975585938,748.72998046875,741.510009765625,742.0900268554688,50422300,0.0,0.0
2026-07-21,746.2899780273438,749.0399780273438,744.1799926757812,748.280029296875,34324300,0.0,0.0
2026-07-22,746.6199951171875,750.02001953125,746.3699951171875,747.4099731445312,32836200,0.0,0.0
2026-07-23,739.3699951171875,742.5599975585938,735.2100219726562,738.1799926757812,55437300,0.0,0.0
2026-07-24,738.510009765625,743.719970703125,737.2899780273438,738.9299926757812,44782000,0.0,0.0
2026-07-27,744.9099731445312,745.530029296875,735.8699951171875,739.0900268554688,41461200,0.0,0.0
2026-07-28,739.1900024414062,742.7899780273438,735.97998046875,740.8599853515625,47322200,0.0,0.0
2026-07-29,739.969970703125,742.6799926757812,729.0999755859375,729.4600219726562,70697200,0.0,0.0
2026-07-30,736.0499877929688,742.4500122070312,734.5900268554688,741.6900024414062,66811300,0.0,0.0
2026-07-31,744.6799926757812,748.9000244140625,737.6799926757812,747.030029296875,62445900,0.0,0.0
2026-08-03,749.4400024414062,758.5800170898438,748.7999877929688,757.6699829101562,59927500,0.0,0.0
2026-08-04,760.6300048828125,773.4099731445312,760.52001953125,771.3300170898438,69154800,0.0,0.0
2026-08-05,775.8499755859375,776.8499755859375,769.510009765625,769.7899780273438,44689100,0.0,0.0
2026-08-06,770.2100219726562,771.8200073242188,767.4600219726562,768.5599975585938,38416900,0.0,0.0
2026-08-07,771.02001953125,773.9199829101562,769.6099853515625,773.260009765625,43586300,0.0,0.0
2026-08-10,772.5999755859375,775.0499877929688,771.6199951171875,773.030029296875,39249500,0.0,0.0
2026-08-11,774.530029296875,774.6099853515625,769.2000122070312,770.5599975585938,36740600,0.0,0.0
2026-08-12,774.7100219726562,774.9000244140625,771.280029296875,772.489990234375,33179100,0.0,0.0
2026-08-13,774.8699951171875,779.3699951171875,774.1099853515625,777.8800048828125,35634500,0.0,0.0
2026-08-14,778.5399780273438,778.7999877929688,775.4299926757812,776.3400268554688,31367900,0.0,0.0
2026-08-17,776.1799926757812,776.780029296875,772.510009765625,772.6699829101562,34356600,0.0,0.0
2026-08-18,768.7000122070312,769.5,766.9199829101562,767.4500122070312,43920900,0.0,0.0
2026-08-19,770.3599853515625,772.469970703125,768.0999755859375,769.0599975585938,40306000,0.0,0.0
2026-08-20,765.9600219726562,768.1500244140625,762.0399780273438,762.5999755859375,45520300,0.0,0.0
2026-08-21,766.0499877929688,767.8499755859375,764.1699829101562,765.719970703125,39188700,0.0,0.0
2026-08-24,764.780029296875,765.219970703125,762.0800170898438,763.469970703125,32430900,0.0,0.0
2026-08-25,766.1599731445312,766.780029296875,763.0499877929688,765.9099731445312,27422300,0.0,0.0
2026-08-26,764.72998046875,767.3499755859375,763.9299926757812,766.0800170898438,28751600,0.0,0.0
2026-08-27,768.5,772.3599853515625,767.1599731445312,771.0999755859375,34557100,0.0,0.0
2026-08-28,771.760009765625,775.2999877929688,768.3099975585938,769.3499755859375,36744300,0.0,0.0
2026-08-31,767.3300170898438,768.0,764.719970703125,767.0499877929688,38810800,0.0,0.0
2026-09-01,762.010009765625,764.6699829101562,759.47998046875,761.780029296875,41126300,0.0,0.0
2026-09-02,762.4500122070312,766.4299926757812,761.72998046875,765.1599731445312,29566200,0.0,0.0
2026-09-03,767.9000244140625,774.030029296875,767.4500122070312,773.1699829101562,43531600,0.0,0.0
2026-09-04,772.010009765625,772.8699951171875,769.0,770.1900024414062,34054200,0.0,0.0
2026-09-08,769.0700073242188,769.7000122070312,765.1400146484375,765.9600219726562,44746100,0.0,0.0
2026-09-09,764.0800170898438,764.469970703125,760.9400024414062,762.4000244140625,32812400,0.0,0.0
2026-09-10,758.030029296875,760.1099853515625,756.6400146484375,757.8300170898438,42740400,0.0,0.0
2026-09-11,764.719970703125,766.3800048828125,763.5999755859375,764.2899780273438,45512700,0.0,0.0
2026-09-14,759.0,763.52001953125,757.9299926757812,760.8800048828125,43992400,0.0,0.0
2026-09-15,760.1199951171875,760.3499755859375,756.1500244140625,757.3900146484375,46195000,0.0,0.0
2026-09-16,759.5,761.6699829101562,749.5999755859375,754.0499877929688,59217700,0.0,0.0
2026-09-17,763.1500244140625,763.5700073242188,759.9600219726562,762.5999755859375,49652800,0.0,0.0
2026-09-18,761.3099975585938,762.0,757.969970703125,761.6900024414062,65395100,1.889,0.0
2026-09-21,766.25,774.8900146484375,766.030029296875,773.5,50484700,0.0,0.0
2026-09-22,774.030029296875,775.1400146484375,772.5700073242188,773.3800048828125,34802300,0.0,0.0
2026-09-23,772.7899780273438,773.0499877929688,766.5,767.8099975585938,54931700,0.0,0.0
2026-09-24,764.0700073242188,768.9500122070312,763.25,767.1799926757812,43983700,0.0,0.0
2026-09-25,768.780029296875,772.280029296875,766.2899780273438,771.3499755859375,36666700,0.0,0.0
2026-09-28,768.3499755859375,769.5399780273438,763.719970703125,765.6099853515625,42694500,0.0,0.0
2026-09-29,766.8300170898438,766.97998046875,762.3499755859375,764.2000122070312,36910500,0.0,0.0
2026-09-30,766.4500122070312,769.4099731445312,762.1799926757812,762.6300048828125,62110000,0.0,0.0
2026-10-01,764.3599853515625,765.6500244140625,758.7899780273438,763.989990234375,47708100,0.0,0.0
2026-10-02,770.5800170898438,772.6500244140625,767.1500244140625,769.6400146484375,46306400,0.0,0.0
